pos,pos_o,vel,vel_o,ang,ang_o,vel_ang,vel_ang_o
0.00011799,4.6578e-05,0.0058994,0.0035051,0.00018103,1.0751e-06,0.017709,-21.458
0.00011799,7.5826e-05,0,-0.023512,0.00033297,-0.42916,-1.9976,-33.719
0.00011799,0.00010858,0,-0.33341,0.0014939,-1.1035,-23.555,-39.608
0.00080396,0.00039236,0.034299,-1.289,0.0062108,-1.8957,-50.654,-40.991
0.0042339,0.0019531,0.1715,-2.5812,0.019094,-2.7157,-63.738,-39.37
0.0042339,0.0031161,0,-3.8408,0.032339,-3.5035,-63.341,-35.984
0.0042339,0.0040451,0,-5.0608,0.046455,-4.2236,-60.043,-31.679
0.0042339,0.0048465,0,-6.2401,0.061631,-4.8578,-57.127,-27.023
0.00080396,0.0042736,-0.1715,-7.0742,0.071828,-5.3989,-36.089,-22.522
-0.00194,0.00307,-0.1372,-7.4555,0.079534,-5.85,-19.02,-18.534
0.017268,0.010039,0.96038,-7.6949,0.12039,-6.2212,-11.478,-15.111
0.00080396,0.0086611,-0.82319,-7.8943,0.12333,-6.524,-7.4327,-12.212
0.017268,0.014364,0.82319,-7.8821,0.15486,-6.7686,-1.0968,-9.8684
0.010408,0.015796,-0.34299,-7.9211,0.16564,-6.9663,-3.6617,-7.9505
0.013152,0.017969,0.1372,-7.9994,0.1785,-7.1257,-0.043359,-6.3654
0.013152,0.019575,0,-7.8933,0.18742,-7.2532,1.1627,-5.1441
0.016582,0.022082,0.1715,-7.9418,0.19917,-7.3563,-0.95939,-4.1316
0.020012,0.025182,0.1715,-8.0775,0.21234,-7.4391,-0.18076,-3.2537
0.030301,0.031374,0.51449,-8.044,0.23652,-7.5044,0.65893,-2.578
0.02893,0.035103,-0.068599,-7.9373,0.24769,-7.5561,-0.19603,-2.092
0.039905,0.04191,0.54879,-7.8454,0.26988,-7.598,-0.10443,-1.7387
0.035789,0.044878,-0.2058,-7.9092,0.27408,-7.6329,0.56733,-1.4111
0.046079,0.050802,0.51449,-7.9214,0.28985,-7.6612,-0.73038,36.41
0.052253,0.057139,0.3087,-7.9472,0.30554,-6.9331,0.64366,58.12
0.059113,0.063955,0.34299,-7.6141,0.32008,-5.7709,13.254,68.719
0.074205,0.074243,0.75459,-7.0597,0.34494,-4.3969,23.957,71.869
0.068717,0.078784,-0.2744,-6.3292,0.34094,-2.9601,37.163,70.192
0.080379,0.085973,0.58309,-5.5072,0.34526,-1.557,44.598,65.568
0.098214,0.097403,0.89179,-4.2735,0.36249,-0.24646,69.285,59.143
0.10645,0.10797,0.41159,-2.5448,0.36929,0.93572,87.254,51.669
0.099586,0.1119,-0.34299,-0.79295,0.34351,1.9686,94.812,43.878
0.10919,0.11752,0.48019,0.069217,0.32489,2.8456,90.46,36.661
0.12634,0.12735,0.85749,1.6495,0.32129,3.5784,84.628,29.794
0.12908,0.13441,0.1372,3.0775,0.30302,4.1742,73.132,23.526
0.13251,0.13971,0.1715,4.0435,0.27713,4.6447,53.3,18.131
0.14349,0.14673,0.54879,4.6103,0.25957,5.0073,26.155,13.706
0.14075,0.14956,-0.1372,4.875,0.22619,5.2813,2.1093,10.223
0.15378,0.15568,0.65169,4.7015,0.21024,5.4856,-13.601,7.686
0.15378,0.15903,0,4.3245,0.1856,5.639,-18.517,5.9434
0.15378,0.16052,0,3.9865,0.15699,5.7574,-19.188,4.7536
0.16201,0.16405,0.41159,3.8612,0.1402,5.8519,-2.8373,3.8609
0.16476,0.16696,0.1372,4.1084,0.12217,5.9286,1.5597,3.0194
0.16681,0.16918,0.1029,4.3033,0.10297,5.9885,-1.5243,2.272
0.16819,0.17069,0.068599,4.4035,0.082822,6.0334,-0.54718,1.6611
0.17162,0.17255,0.1715,4.4746,0.066253,6.0662,1.1017,1.1758
0.17162,0.17335,0,4.5001,0.047217,6.0892,-1.1121,0.81151
0.17162,0.17346,0,4.5213,0.027509,6.105,1.0101,0.54066
0.16613,0.17099,-0.2744,4.6017,-0.00057922,6.1154,2.6437,0.31227
0.1675,0.16946,0.068599,4.6522,-0.021674,6.1212,3.865,0.13445
0.17024,0.16919,0.1372,4.7028,-0.035343,6.1234,1.865,-0.0040596
0.1723,0.16958,0.1029,4.8703,-0.045151,6.123,6.3994,-0.16645
0.1627,0.16586,-0.48019,4.8877,-0.070539,6.1193,2.9337,-0.26636
0.15927,0.16174,-0.1715,4.8556,-0.094509,6.1136,-1.738,-0.3001
0.16201,0.15983,0.1372,4.8317,-0.10667,6.1072,0.29252,-0.29526
0.15378,0.15519,-0.41159,4.7679,-0.12833,6.1009,0.094045,-0.2482
0.16407,0.15597,0.51449,4.7457,-0.12544,6.0955,-1.3411,-0.19656
0.15721,0.15381,-0.34299,4.7803,-0.13486,6.0912,0.8574,-0.17087
0.14075,0.14586,-0.82319,4.747,-0.16665,6.0874,1.0406,-0.13076
0.14143,0.14065,0.034299,4.6815,-0.18346,6.0843,-0.28763,-0.068585
0.14075,0.13688,-0.034299,4.6475,-0.19241,6.0825,-0.3029,-0.010252
0.13869,0.1336,-0.1029,4.676,-0.19837,6.0819,1.1627,0.013938
0.13869,0.13149,0,4.7093,-0.19897,6.0818,-0.3487,0.013718
0.13869,0.13019,0,4.7142,-0.19619,6.0816,0.32305,0.011584
0.12428,0.12381,-0.72029,4.6837,-0.21432,6.0814,-0.36397,0.024919
0.11536,0.11607,-0.44589,4.6622,-0.2358,6.0815,1.0406,0.042996
0.11468,0.11068,-0.034299,4.7261,-0.24544,6.082,0.29252,0.02341
0.10919,0.10506,-0.2744,4.8417,-0.2551,6.0821,-1.2647,-0.042641
0.1037,0.099328,-0.27439,5.099,-0.26471,6.0809,-0.65405,-0.20042
0.1037,0.095658,0,5.181,-0.26502,6.0766,-0.73038,-0.32624
0.096842,0.090732,-0.34299,5.1805,-0.27039,6.0698,0.75053,-0.38821
0.086553,0.083601,-0.51449,5.2124,-0.28416,6.0618,0.68946,-0.42296
0.086553,0.078995,0,5.2696,-0.28619,6.0531,2.1398,-0.45115
0.074205,0.07133,-0.61739,5.41,-0.30074,6.0439,5.5902,-32.697
0.068717,0.064247,-0.2744,5.6014,-0.31166,5.3898,2.5826,-51.209
0.065287,0.058452,-0.1715,5.6985,-0.31585,4.3657,1.5902,-60.349
0.059113,0.052487,-0.30869,5.2952,-0.31861,3.159,-36.654,-63.05
0.045393,0.043431,-0.68599,4.1104,-0.33003,1.8983,-73.799,-61.287
0.042649,0.036571,-0.1372,2.3642,-0.3263,0.67271,-83.066,-56.585
0.029615,0.027374,-0.65169,1.2158,-0.32899,-0.45884,-61.662,-50.562
0.026186,0.020352,-0.1715,-0.22099,-0.31844,-1.47,-73.57,-43.862
0.013152,0.011128,-0.65169,-1.8124,-0.31369,-2.3473,-86.685,-36.979
0.0069779,0.0031432,-0.30869,-3.1961,-0.30066,-3.0872,-71.601,-30.394
0.0042339,-0.0025532,-0.1372,-4.1923,-0.27704,-3.6954,-41.341,-24.473
0.0076639,-0.0041912,0.1715,-4.6981,-0.2381,-4.1852,-29.188,-19.462
-0.002626,-0.0084356,-0.51449,-5.1418,-0.2129,-4.5747,-20.639,-15.27
-0.013602,-0.014797,-0.54879,-5.3713,-0.19843,-4.8803,-6.7304,-11.875
-0.017718,-0.019956,-0.2058,-5.3394,-0.18062,-5.1179,0.24672,-9.2499
-0.020462,-0.023792,-0.1372,-5.3675,-0.15927,-5.303,-1.9365,-7.1925
-0.02252,-0.026493,-0.1029,-5.4454,-0.1355,-5.4469,0.42992,-5.5565
-0.027322,-0.029522,-0.2401,-5.3911,-0.11584,-5.558,0.49099,-4.3173
-0.033495,-0.033384,-0.30869,-5.438,-0.10166,-5.6443,-0.24183,-3.3328
-0.026636,-0.032752,0.34299,-5.4311,-0.070838,-5.7109,0.5826,-2.5757
-0.036925,-0.035774,-0.51449,-5.4198,-0.058419,-5.7624,-0.37924,-1.9958
-0.034181,-0.03629,0.1372,-5.4731,-0.037102,-5.8022,-0.089161,-1.5218
-0.034181,-0.036176,0,-5.505,-0.015608,-5.8325,0.35359,-1.1448
-0.030066,-0.034062,0.2058,-5.5127,0.011549,-5.8553,-0.13496,-0.85627
-0.030066,-0.032232,0,-5.5219,0.034435,-5.8723,0.032977,-0.63486
-0.033495,-0.032003,-0.1715,-5.5225,0.048172,-5.8849,0.13985,-0.46901
-0.033495,-0.031591,0,-5.5514,0.061134,-5.8942,0.017709,-0.33195
-0.036925,-0.032426,-0.1715,-5.574,0.067582,-5.9008,0.20092,-0.22184
-0.026636,-0.028773,0.51449,-5.5691,0.091501,-5.9051,0.0024422,-0.14621
-0.030066,-0.027416,-0.1715,-5.5758,0.10333,-5.9079,0.048244,-0.089874
-0.034181,-0.027967,-0.2058,-5.5754,0.10605,-5.9096,-0.012825,-0.051365
-0.023206,-0.02395,0.54879,-5.6018,0.12705,-5.9106,-0.2113,-0.013199
-0.030066,-0.023775,-0.34299,-5.6116,0.13004,-5.9107,-0.058626,0.015336
-0.02252,-0.020651,0.37729,-5.5985,0.14462,-5.9103,-0.043359,0.025963
-0.026636,-0.020069,-0.2058,-5.569,0.14713,-5.9097,0.094045,0.017416
-0.019776,-0.01698,0.34299,-5.5957,0.15958,-5.9093,0.032977,0.023523
-0.016346,-0.013518,0.1715,-5.6906,0.17231,-5.9087,-0.028092,0.070143
-0.0094859,-0.008467,0.34299,-5.6574,0.18994,-5.9073,-0.043359,0.080166
-0.016346,-0.0077294,-0.34299,-5.6511,0.188,-5.9056,-0.13496,0.079596
-0.013602,-0.0062476,0.1372,-5.6794,0.18936,-5.9039,0.078778,0.088604
-0.0094859,-0.0037064,0.2058,-5.6772,0.19487,-5.9021,0.12458,0.088951
-0.0067419,-0.00097638,0.1372,-5.6817,0.2005,-5.9002,-0.10443,0.087004
-0.002626,0.0024166,0.2058,-5.6083,0.20801,-5.8984,0.13985,0.047508
0.00080396,0.0059777,0.1715,-5.5707,0.21523,-5.8974,-0.18076,0.0032666
0.0042339,0.009624,0.1715,-5.6495,0.22215,-5.8972,-0.043359,0.012246
0.013152,0.015471,0.44589,-5.6755,0.23726,-5.8969,0.15511,0.029158
0.012466,0.019063,-0.034299,-5.6527,0.2414,-5.8963,-0.62351,0.027488
0.016582,0.02294,0.2058,-5.6844,0.24629,-5.8956,-1.0663,0.039811
0.026872,0.02941,0.51449,-5.8531,0.26153,-5.8948,0.39939,16.216
0.026186,0.033381,-0.034299,-5.857,0.26486,-5.5705,1.3765,25.469
0.035789,0.039606,0.48019,-5.733,0.27644,-5.0612,13.773,29.963
0.033045,0.042555,-0.1372,-5.1529,0.27168,-4.462,26.674,31.1
0.041963,0.047761,0.44589,-4.4189,0.27454,-3.8399,40.522,30.039
0.049509,0.053963,0.37729,-3.5824,0.27874,-3.2391,50.323,27.622
0.054997,0.060011,0.2744,-2.5545,0.27905,-2.6864,62.018,24.389
0.062543,0.06671,0.37729,-1.4238,0.27897,-2.1983,60.384,20.75
0.071461,0.074308,0.44589,-0.62897,0.28037,-1.7828,38.094,17.184
0.076949,0.081097,0.2744,-0.31553,0.27732,-1.4387,1.865,14.049
0.077635,0.085351,0.034299,-0.79964,0.26521,-1.1575,-17.204,11.695
0.083123,0.089808,0.27439,-0.8978,0.25536,-0.92353,-3.8296,9.7517
0.082437,0.092031,-0.034299,-0.88873,0.2374,-0.72849,0.20092,8.1015
0.09204,0.096785,0.48019,-0.70452,0.23125,-0.56645,6.7047,6.6262
0.09204,0.099544,0,-0.63948,0.21745,-0.43395,5.6055,5.3819
0.10096,0.10443,0.44589,-0.61711,0.21374,-0.32636,3.575,4.3571
0.10096,0.10732,0,-0.52816,0.2021,-0.23928,0.52153,3.4837
0.10988,0.11234,0.44589,-0.49566,0.20029,-0.16969,-1.4937,2.77
0.11811,0.11857,0.41159,-0.57121,0.20373,-0.1144,-0.45557,2.238
0.11262,0.12026,-0.2744,-0.58769,0.18838,-0.069787,-0.79145,1.8151
0.12908,0.12743,0.82319,-0.60347,0.19704,-0.033644,-1.6311,1.4785
0.1236,0.12983,-0.27439,-0.48832,0.18501,-0.0042102,0.73527,1.1499
0.12634,0.13212,0.1372,-0.4214,0.17379,0.018662,0.72,0.86354
0.12977,0.13462,0.1715,-0.48619,0.16488,0.035781,-0.69985,0.67763
0.13732,0.13892,0.37729,-0.54196,0.16438,0.049161,-0.76092,0.55814
0.14075,0.14287,0.1715,-0.49595,0.16242,0.060161,-0.44031,0.43781
0.138,0.14416,-0.1372,-0.44437,0.14978,0.068764,-0.45557,0.31986
0.14623,0.14792,0.41159,-0.39802,0.14851,0.075022,-0.47084,0.21114
0.14349,0.14911,-0.1372,-0.3922,0.13693,0.079104,-0.57771,0.13196
0.13869,0.14772,-0.2401,-0.38076,0.1162,0.081603,0.26198,0.072034
0.14829,0.15022,0.48019,-0.33642,0.11359,0.082918,0.094045,0.011385
0.15104,0.15278,0.1372,-0.29607,0.11138,0.083032,0.21618,-0.045097
0.14898,0.15347,-0.1029,-0.32266,0.10196,0.082008,0.42992,-0.065279
0.15104,0.15451,0.1029,-0.35848,0.095099,0.08057,-0.10443,-0.057809
0.15721,0.15743,0.3087,-0.36616,0.096665,0.07928,0.33832,-0.046687
0.15858,0.15977,0.068599,-0.39349,0.095778,0.078205,-0.83725,-0.024651
0.15584,0.1601,-0.1372,-0.37565,0.086804,0.077575,-0.86779,-0.017884
0.16201,0.16254,0.30869,-0.37006,0.08743,0.077083,0.048244,-0.015189
0.15927,0.16296,-0.1372,-0.38732,0.079818,0.076639,-0.37924,-0.0044811
0.16407,0.16494,0.24009,-0.41083,0.079487,0.076404,-0.3487,0.013595
0.16133,0.16507,-0.1372,-0.41466,0.071656,0.076528,-0.13496,0.026263
0.16681,0.16714,0.2744,-0.40243,0.072609,0.07691,0.032977,0.027521
0.1723,0.17056,0.2744,-0.394,0.078949,0.07732,-0.2113,0.023438
0.16407,0.16955,-0.41159,-0.39304,0.066515,0.077646,-0.18076,0.019743
0.16476,0.16895,0.034299,-0.40384,0.057239,0.077896,-0.24183,0.021906
0.16407,0.16814,-0.034299,-0.40798,0.048154,0.078187,0.048244,0.024503
0.16476,0.16773,0.034299,-0.39993,0.041763,0.078533,-0.10443,0.021573
0.16476,0.16735,0,-0.40102,0.036249,0.07882,-0.028092,0.01961
0.16407,0.16674,-0.034299,-0.40932,0.030453,0.079065,0.017709,0.021697
0.1723,0.16948,0.41159,-0.40807,0.038921,0.079354,0.032977,0.021731
0.17162,0.17105,-0.034299,-0.41318,0.041653,0.079641,-0.043359,0.023476
0.1723,0.17232,0.034299,-0.41749,0.042898,0.079962,-0.058626,0.02583
0.1723,0.17312,0,-0.41611,0.042068,0.08033,0.017709,0.0258
0.1723,0.17359,0,-0.41384,0.039989,0.080697,-0.073894,0.023888
0.1723,0.17384,0,-0.41929,0.037244,0.081025,-0.012825,0.024491
0.17162,0.17366,-0.034299,-0.41208,0.033101,0.081366,0.032977,0.020735
0.17162,0.17347,0,-0.41438,0.029385,0.081632,-0.089161,0.018877
0.1723,0.17355,0.034299,-0.4165,0.027195,0.08186,-0.012825,0.018194
0.17162,0.17329,-0.034299,-0.41431,0.023861,0.082074,-0.043359,0.016264
0.16407,0.1701,-0.37729,-0.41481,0.0090598,0.082249,-0.10443,0.014915
0.17162,0.17083,0.37729,-0.41267,0.011842,0.082399,0.063511,0.012728
0.17162,0.17132,0,-0.41711,0.013383,0.082504,-0.058626,0.013205
0.17162,0.17166,0,-0.41197,0.014071,0.082619,-0.028092,0.010844
0.17162,0.17187,0,-0.40989,0.014203,0.082689,0.032977,0.0082641
0.1723,0.17227,0.034299,-0.40899,0.015074,0.082706,-0.058626,0.0062086
0.17162,0.17227,-0.034299,-0.41032,0.014186,0.082683,-0.028092,0.0056139
0.1723,0.17252,0.034299,-0.40558,0.014421,0.082648,-0.073894,0.0031216
0.17162,0.1724,-0.034299,-0.40232,0.013156,0.082565,-0.028092,0.00025833
0.17162,0.17231,0,-0.40314,0.012117,0.082424,-0.058626,-0.00080991
0.1723,0.1725,0.034299,-0.4017,0.012353,0.082263,-0.012825,-0.00177
0.1723,0.17262,0,-0.40425,0.012282,0.082082,-0.043359,-0.00076381
0.17162,0.17242,-0.034299,-0.40035,0.010924,0.081921,-0.028092,-0.0015873
0.1723,0.17255,0.034299,-0.39917,0.011014,0.081745,-0.089161,-0.0022435
0.1723,0.17262,0,-0.4022,0.010913,0.081555,0.048244,-0.00080507
0.17162,0.1724,-0.034299,-0.40439,0.0096082,0.081393,-0.058626,0.0014737
0.1723,0.1725,0.034299,-0.40585,0.0098006,0.081276,-0.028092,0.0038227
0.17162,0.1723,-0.034299,-0.40546,0.0087262,0.081207,0.032977,0.0052553
0.17162,0.17216,0,-0.40297,0.0080036,0.081166,-0.10443,0.0050743
0.1723,0.17233,0.034299,-0.40609,0.0086314,0.081122,-0.073894,0.0065133
0.1723,0.17244,0,-0.40057,0.0089613,0.081107,0.017709,0.004867
0.1723,0.17252,0,-0.40229,0.0091005,0.08106,-0.028092,0.0047599
0.16476,0.16961,-0.37729,-0.40855,-0.0028783,0.081006,-0.058626,0.0077371
0.1723,0.17056,0.37729,-0.40788,0.002191,0.081015,0.10931,0.0092285
0.17299,0.1715,0.034299,-0.412,0.0066733,0.081052,-0.24183,0.011983
0.17162,0.17163,-0.068599,-0.42105,0.0073277,0.081141,-0.13496,0.017691
0.17162,0.17172,0,-0.42971,0.0077736,0.081342,-0.22657,0.02478
0.1723,0.17205,0.034299,-0.41728,0.0091293,0.081688,0.032977,0.02259
0.17162,0.17201,-0.034299,-0.4227,0.0088259,0.081988,-0.058626,0.023072
0.16476,0.1693,-0.34299,-0.42335,-0.0023158,0.082297,-0.028092,0.022978
0.16476,0.16742,0,-0.41815,-0.008754,0.082605,-0.15023,0.019794
0.16407,0.16588,-0.034299,-0.41928,-0.013073,0.08285,0.094045,0.017791
0.1723,0.16809,0.41159,-0.41695,-0.0017032,0.083057,-0.012825,0.014985
0.17162,0.16938,-0.034299,-0.4182,0.0046742,0.083207,-0.1197,0.013492
0.1723,0.17057,0.034299,-0.41926,0.0098556,0.083327,0.032977,0.01279
0.1723,0.1714,0,-0.41534,0.012961,0.083433,-0.028092,0.010292
0.17162,0.17169,-0.034299,-0.42685,0.013576,0.083486,-0.012825,0.013983
0.1723,0.17215,0.034299,-0.43322,0.014804,0.083611,-0.058626,0.018939
0.17162,0.17218,-0.034299,-0.42967,0.014161,0.083836,-0.089161,0.019837
0.1723,0.17246,0.034299,-0.43009,0.014576,0.084078,0.032977,0.020033
0.16407,0.16941,-0.41159,-0.4356,0.0014492,0.084321,-0.058626,0.022171
0.16407,0.1673,0,-0.43406,-0.006371,0.084608,0.017709,0.022117
0.1723,0.16908,0.41159,-0.431,0.0025389,0.084897,0.063511,0.019984
0.1723,0.17034,0,-0.4319,0.0083039,0.085142,-0.028092,0.018528
0.17162,0.17095,-0.034299,-0.43177,0.010768,0.085358,-0.012825,0.017079
0.1723,0.17164,0.034299,-0.44039,0.013277,0.085542,-0.089161,0.01977
0.17162,0.17185,-0.034299,-0.4437,0.013514,0.085778,-0.073894,0.022433
0.1723,0.17224,0.034299,-0.44024,0.014508,0.086069,-0.012825,0.021801
0.17162,0.17223,-0.034299,-0.43812,0.013741,0.086348,-0.043359,0.019789
0.1723,0.17248,0.034299,-0.43489,0.014098,0.086587,-0.043359,0.016499
0.17162,0.17237,-0.034299,-0.43045,0.012947,0.086762,-0.043359,0.012003
0.1723,0.17255,0.034299,-0.43309,0.013106,0.086846,-0.043359,0.010262
0.1723,0.17266,0,-0.43117,0.012972,0.086896,-0.028092,0.0081815
0.17162,0.17246,-0.034299,-0.42889,0.011569,0.086905,-0.043359,0.0058155
0.1723,0.17258,0.034299,-0.42828,0.011628,0.086866,0.017709,0.0041588
0.17162,0.17238,-0.034299,-0.42805,0.010407,0.086795,0.032977,0.0031898
0.17299,0.17278,0.068599,-0.42818,0.011723,0.086704,-0.089161,0.0028597
0.1723,0.17277,-0.034299,-0.43045,0.01128,0.086606,-0.058626,0.003934
0.1723,0.17276,0,-0.42687,0.010852,0.086531,-0.073894,0.0031058
0.1723,0.17275,0,-0.41971,0.010441,0.086441,-0.058626,-0.00052698
0.17162,0.17246,-0.034299,-0.41616,0.008969,0.086279,0.017709,-0.0040499
0.1723,0.17253,0.034299,-0.417,0.0090956,0.086047,-0.058626,-0.005307
0.1723,0.17257,0,-0.41865,0.0091165,0.08579,0.0024422,-0.0047305
0.17162,0.17233,-0.034299,-0.41567,0.0079725,0.085545,-0.043359,-0.0051982
0.17162,0.17216,0,-0.41703,0.0072568,0.08529,0.017709,-0.0042705
0.1723,0.17231,0.034299,-0.41135,0.0079179,0.085055,-0.073894,-0.0058061
0.17162,0.17215,-0.034299,-0.40671,0.007215,0.084792,-0.043359,-0.0083054
0.17162,0.17203,0,-0.40284,0.0067889,0.084479,0.0024422,-0.010935
0.1723,0.17223,0.034299,-0.40411,0.0076511,0.084114,-0.012825,-0.011136
0.1723,0.17236,0,-0.40698,0.0081842,0.083744,-0.028092,-0.0090797
0.17162,0.17218,-0.034299,-0.40288,0.0073877,0.083416,0.048244,-0.0089619
0.1723,0.17233,0.034299,-0.39925,0.0079845,0.083092,0.032977,-0.0098386
0.1723,0.17243,0,-0.40074,0.0083314,0.08275,-0.012825,-0.0089049
0.1723,0.1725,0,-0.4051,0.0085149,0.082426,-0.028092,-0.005564
0.16476,0.16958,-0.37729,-0.40864,-0.0034127,0.082166,0.0024422,-0.0012455
0.17162,0.17026,0.34299,-0.4071,0.00061966,0.081994,-0.058626,0.0010807
0.1723,0.17103,0.034299,-0.40703,0.0045232,0.08187,-0.058626,0.0027714
0.1723,0.17157,0,-0.41355,0.0070904,0.081777,-0.012825,0.007057
0.1723,0.17195,0,-0.41095,0.0087026,0.08177,-0.012825,0.0085123
0.1723,0.17221,0,-0.41614,0.0096628,0.081791,-0.058626,0.011777
0.17162,0.17212,-0.034299,-0.4106,0.0090689,0.081879,-0.043359,0.011019
0.17162,0.17205,0,-0.40898,0.0086341,0.081952,0.048244,0.0096325
0.17162,0.17201,0,-0.40738,0.0083161,0.081998,-0.089161,0.0079289
0.1723,0.17224,0.034299,-0.4086,0.0091801,0.082009,-0.058626,0.007417
0.1723,0.1724,0,-0.41271,0.0096513,0.082009,0.0024422,0.0090072
0.1723,0.1725,0,-0.41796,0.009864,0.082039,-0.10443,0.012364
0.1723,0.17257,0,-0.42092,0.0099075,0.082135,0.0024422,0.015594
0.17162,0.17234,-0.034299,-0.41967,0.0087475,0.082297,0.0024422,0.01664
0.1723,0.17245,0.034299,-0.42011,0.0090803,0.082479,-0.012825,0.017074
0.1723,0.17252,0,-0.41789,0.0092256,0.08267,0.017709,0.015873
0.17162,0.1723,-0.034299,-0.41716,0.0081577,0.082837,-0.012825,0.014409
0.1723,0.17241,0.034299,-0.42619,0.0085883,0.082973,0.0024422,0.017391
0.17162,0.17222,-0.034299,-0.42266,0.007728,0.083169,0.0024422,0.017145
0.1723,0.17236,0.034299,-0.42186,0.0082928,0.08336,-0.028092,0.016184
0.17299,0.17272,0.034299,-0.41708,0.0097052,0.083534,-0.028092,0.012968
0.1723,0.1727,-0.034299,-0.41833,0.0094023,0.083643,0.017709,0.01132
0.1723,0.17268,0,-0.42187,0.0091486,0.083717,0.0024422,0.011773
0.16476,0.16971,-0.37729,-0.41936,-0.0030753,0.0838,0.032977,0.01071
0.17162,0.17034,0.34299,-0.42217,0.00077557,0.083863,-0.028092,0.0112
0.16407,0.16785,-0.37729,-0.419,-0.0085286,0.083935,-0.043359,0.0098769
0.1723,0.16937,0.41159,-0.42713,-0.0004306,0.08398,-0.058626,0.01272
0.17299,0.17073,0.034299,-0.42772,0.0060549,0.084082,0.032977,0.014522
0.17162,0.17115,-0.068599,-0.4326,0.0079822,0.084217,-0.089161,0.017597
0.1723,0.17171,0.034299,-0.42432,0.010255,0.084417,-0.012825,0.015188
0.1723,0.17209,0,-0.42152,0.011549,0.084569,0.0024422,0.012054
0.17162,0.17209,-0.034299,-0.4219,0.011091,0.084658,-0.012825,0.010095
0.16476,0.16939,-0.34299,-0.4231,-0.0002499,0.084706,-0.058626,0.0093405
0.1723,0.17047,0.37729,-0.42534,0.0051121,0.08474,-0.043359,0.0098217
0.17162,0.17097,-0.034299,-0.42387,0.0074642,0.084784,0.0024422,0.0093362
0.17162,0.17132,0,-0.4267,0.0089448,0.084818,-0.043359,0.010275
0.16544,0.16915,-0.3087,-0.42886,-1.1958e-06,0.084868,0.017709,0.011757
0.17162,0.17006,0.3087,-0.42275,0.0046379,0.084951,-0.043359,0.009628
0.16476,0.16802,-0.34299,-0.4252,-0.0032522,0.08499,0.017709,0.0093773
0.16407,0.16636,-0.034299,-0.4329,-0.0087016,0.085021,-0.058626,0.012725
0.1723,0.16846,0.41159,-0.43191,0.0017843,0.085122,-0.043359,0.014092
0.16407,0.16672,-0.41159,-0.42845,-0.0045439,0.085249,-0.012825,0.013054
0.16476,0.16581,0.034299,-0.42097,-0.0068116,0.085358,-0.043359,0.0086827
0.16476,0.16521,0,-0.42386,-0.0075419,0.085378,0.032977,0.0072764
0.1723,0.16779,0.37729,-0.42991,0.0047247,0.085371,-0.073894,0.0092249
0.16407,0.16637,-0.41159,-0.4281,-0.00063411,0.0854,-0.028092,0.0095362
0.17367,0.16917,0.48019,-0.42444,0.011713,0.08544,-0.028092,0.007919
0.16544,0.16789,-0.41159,-0.42772,0.0060912,0.085443,0.0024422,0.0084541
0.16407,0.16646,-0.068599,-0.42936,0.00051894,0.085457,-0.058626,0.0095157
0.16476,0.16575,0.034299,-0.42998,-0.0014952,0.085493,-0.043359,0.010376
0.17162,0.16797,0.34299,-0.42923,0.0086031,0.085547,-0.012825,0.01042
0.16544,0.1671,-0.3087,-0.4268,0.004998,0.085601,-0.028092,0.0092094
0.16476,0.16623,-0.034299,-0.42526,0.0018079,0.085631,-0.028092,0.0076761
0.16476,0.16564,0,-0.42063,0.00010394,0.085633,-0.043359,0.0045717
0.16407,0.16497,-0.034299,-0.42571,-0.00168,0.085571,-0.043359,0.0051581
0.16407,0.16453,0,-0.42725,-0.0023429,0.08552,-0.012825,0.0063526
0.16476,0.16452,0.034299,-0.42693,-0.0011929,0.085493,-0.028092,0.0070018
0.16476,0.16454,0,-0.42359,-7.094e-05,0.08548,-0.043359,0.0058768
0.16476,0.16457,0,-0.42443,0.00098755,0.085445,-0.043359,0.0056523
0.16476,0.16461,0,-0.425,0.0019588,0.085405,0.0024422,0.005871
0.16476,0.16466,0,-0.42389,0.0028293,0.08537,0.017709,0.0055711
0.16476,0.1647,0,-0.42153,0.0035945,0.085329,0.017709,0.0043832
0.16407,0.16447,-0.034299,-0.42045,0.0031686,0.085265,-0.043359,0.0032935
0.16407,0.16433,0,-0.41538,0.003108,0.08518,-0.043359,0.00045884
0.16476,0.16451,0.034299,-0.41357,0.004369,0.08504,0.078778,-0.0018151
0.16407,0.16437,-0.034299,-0.41894,0.0042199,0.084852,-0.043359,-0.00029287
0.16476,0.16456,0.034299,-0.41822,0.005381,0.084696,-0.089161,0.00067004
0.17162,0.16738,0.34299,-0.41941,0.017124,0.084559,-0.043359,0.002119
0.16407,0.16638,-0.37729,-0.41273,0.01195,0.084452,-0.028092,0.00017101
0.16476,0.16593,0.034299,-0.41357,0.0096474,0.084305,-0.012825,-0.00031193
0.16476,0.16561,0,-0.41187,0.008131,0.08415,-0.028092,-0.0010488
0.16407,0.16512,-0.034299,-0.41076,0.0060786,0.08398,0.017709,-0.0016271
0.16476,0.16505,0.034299,-0.40852,0.0059674,0.0838,-0.028092,-0.0026155
0.16407,0.16474,-0.034299,-0.41444,0.0048934,0.083598,-0.058626,-1.4549e-05
0.16476,0.16479,0.034299,-0.4205,0.0054607,0.083447,0.063511,0.0047545
0.16407,0.16457,-0.034299,-0.41924,0.0048268,0.083391,0.0024422,0.0072438
0.16476,0.16469,0.034299,-0.42049,0.0056646,0.083384,0.017709,0.0093746
0.16544,0.16505,0.034299,-0.40316,0.0073407,0.083426,0.032977,0.0025377
0.14349,0.1567,-1.0976,-0.39545,-0.02655,0.083329,-0.073894,-0.00501
0.16407,0.15901,1.029,-0.39351,-0.013242,0.083087,0.032977,-0.010068
0.17162,0.16364,0.37729,-0.39461,0.0079349,0.082745,-0.089161,-0.011907
0.15858,0.16177,-0.65169,-0.39332,0.00027396,0.082363,-0.10443,-0.012742
0.16476,0.1629,0.30869,-0.38992,0.0056697,0.081967,-0.028092,-0.013943
0.16407,0.16342,-0.034299,-0.39107,0.0079912,0.081547,-0.073894,-0.013188
0.16476,0.16406,0.034299,-0.39155,0.010488,0.081141,-0.043359,-0.011571
0.16407,0.16422,-0.034299,-0.39047,0.010793,0.080768,0.0024422,-0.010222
0.1723,0.16756,0.41159,-0.39414,0.023924,0.080423,0.0024422,-0.0069052
0.17162,0.16958,-0.034299,-0.39404,0.030203,0.080143,-0.028092,-0.0042584
0.17162,0.17093,0,-0.39708,0.033053,0.079915,-0.043359,-0.00068613
0.17162,0.17181,0,-0.39815,0.03365,0.079758,-0.058626,0.002377
0.17162,0.17236,0,-0.40179,0.032833,0.079661,-0.089161,0.0061834
0.1723,0.17295,0.034299,-0.40122,0.032264,0.079641,-0.058626,0.0083177
0.1723,0.17329,0,-0.40132,0.030784,0.079663,0.017709,0.0096343
0.1723,0.17347,0,-0.40266,0.028811,0.07971,-0.012825,0.010962
0.17162,0.17327,-0.034299,-0.40027,0.025524,0.079785,-0.028092,0.010501
0.17162,0.17308,0,-0.4041,0.022676,0.07985,-0.028092,0.011848
0.17162,0.17291,0,-0.39843,0.020213,0.079943,-0.043359,0.0098314
