-0.004497814923524857,2.961549162864685
-0.004144955426454544,2.961549162864685
-0.001879137009382248,29.646509885787964
-0.008876350708305836,4.196329414844513
-0.003473346121609211,2.961549162864685
-0.006455926690250635,2.961549162864685
-0.0036095466930419207,2.961549162864685
0.0012231008149683475,4.196329414844513
-0.0046853357926011086,2.892950177192688
-0.00892252940684557,2.892950177192688
-0.004497814923524857,2.961549162864685
-0.004144955426454544,2.961549162864685
-0.001879137009382248,29.646509885787964
-0.008876350708305836,4.196329414844513
-0.003473346121609211,2.961549162864685
-0.006455926690250635,2.961549162864685
-0.0036095466930419207,2.961549162864685
0.0020765401422977448,2.961549162864685
-0.0026220371946692467,4.196329414844513
-0.012041233479976654,4.196329414844513
-0.012147331610321999,4.196329414844513
-0.015467865392565727,4.26492840051651
-0.014365384355187416,4.196329414844513
-0.016733845695853233,4.26492840051651
-0.01141979731619358,4.196329414844513
-0.008849319070577621,4.26492840051651
-0.01007412001490593,4.26492840051651
-0.010164064355194569,4.26492840051651
-0.015209723263978958,4.26492840051651
-0.022499272599816322,4.26492840051651
-0.022721048444509506,4.26492840051651
-0.019812490791082382,4.196329414844513
-0.019034087657928467,2.961549162864685
-0.01679062284529209,2.961549162864685
-0.021507136523723602,2.892950177192688
-0.01317053847014904,2.961549162864685
-0.013216906227171421,2.961549162864685
-0.01744043081998825,2.892950177192688
-0.021834058687090874,2.961549162864685
-0.01962430030107498,2.961549162864685
-0.02826862409710884,3.030148148536682
-0.027351874858140945,2.892950177192688
-0.02924424037337303,3.030148148536682
-0.03437981382012367,2.961549162864685
-0.03525346890091896,2.961549162864685
-0.034381501376628876,2.961549162864685
-0.037546951323747635,2.961549162864685
-0.03330159932374954,2.961549162864685
-0.0394866019487381,2.961549162864685
-0.03944148123264313,2.961549162864685
-0.03739714249968529,4.26492840051651
-0.03736855834722519,2.961549162864685
-0.03675752133131027,2.961549162864685
-0.03626265004277229,2.892950177192688
-0.036376867443323135,4.26492840051651
-0.02904703840613365,4.196329414844513
-0.028103502467274666,4.196329414844513
-0.025555308908224106,4.26492840051651
-0.025066182017326355,4.26492840051651
-0.018783695995807648,4.26492840051651
-0.018519265577197075,4.26492840051651
-0.014932421036064625,4.26492840051651
-0.014126522466540337,4.196329414844513
-0.010665606707334518,34.79999899864197
-0.006640058010816574,34.79999899864197
-0.010729418136179447,20.797255635261536
-0.013195155188441277,20.797255635261536
-0.012749486602842808,20.72865664958954
-0.017404217272996902,20.72865664958954
-0.017504436895251274,20.72865664958954
-0.01149609126150608,20.797255635261536
-0.013418962247669697,34.79999899864197
-0.012311053462326527,34.79999899864197
-0.01382312923669815,34.79999899864197
-0.015271374024450779,20.865854620933533
-0.02063685469329357,34.79999899864197
-0.024780070409178734,34.79999899864197
-0.019063711166381836,34.79999899864197
-0.018783409148454666,34.79999899864197
-0.011935437098145485,34.79999899864197
-0.013642796315252781,18.396294116973877
-0.013942529447376728,21.62044048309326
-0.01929038017988205,16.88711941242218
-0.018232064321637154,21.208849549293518
-0.017171407118439674,34.79999899864197
-0.0064483750611543655,34.79999899864197
-0.017939692363142967,20.797255635261536
-0.009172942489385605,20.797255635261536
-0.012554720975458622,34.79999899864197
-0.012222007848322392,34.79999899864197
-0.01574017107486725,20.797255635261536
-0.014506456442177296,34.79999899864197
-0.020873630419373512,21.208849549293518
-0.028333520516753197,34.79999899864197
-0.03637750446796417,34.79999899864197
-0.04069264233112335,20.72865664958954
-0.03725855425000191,34.79999899864197
-0.03790033236145973,18.190497159957886
-0.03261151537299156,34.79999899864197
-0.03224639967083931,19.49387788772583
-0.0325876884162426,20.24846374988556
-0.03060247376561165,34.79999899864197
-0.026988809928297997,19.425278902053833
-0.019253486767411232,34.79999899864197
-0.021261949092149734,34.79999899864197
-0.022907869890332222,20.72865664958954
-0.027398068457841873,24.913185834884644
-0.02557493932545185,20.797255635261536
-0.02489061839878559,34.44843292236328
-0.020236941054463387,23.266813158988953
-0.022111857309937477,20.72865664958954
-0.025224247947335243,34.79999899864197
-0.027132714167237282,20.797255635261536
-0.023310014978051186,34.79999899864197
-0.021025216206908226,20.72865664958954
-0.018198667094111443,34.79999899864197
-0.01587686501443386,34.79999899864197
-0.008720466867089272,23.33541214466095
-0.0048718806356191635,20.797255635261536
-0.004758475814014673,20.72865664958954
-0.006074236705899239,20.797255635261536
-0.0033955147955566645,23.404011130332947
-0.005264329724013805,25.46197772026062
-0.0044644540175795555,34.79999899864197
-0.009670657105743885,20.797255635261536
-0.0038597933016717434,20.797255635261536
0.0013785401824861765,30.058100819587708
0.004070444498211145,20.797255635261536
0.006039801519364119,34.79999899864197
0.009450716897845268,20.797255635261536
0.009636187925934792,34.79999899864197
0.013997433707118034,20.797255635261536
0.024416986852884293,34.79999899864197
0.023860689252614975,20.797255635261536
0.01882629655301571,34.79999899864197
0.0170888751745224,20.72865664958954
0.012683607637882233,34.79999899864197
0.022487424314022064,20.797255635261536
0.027152441442012787,34.79999899864197
0.02622746117413044,21.208849549293518
0.023283006623387337,34.79999899864197
0.021823832765221596,34.79999899864197
0.024816248565912247,34.79999899864197
0.021939553320407867,34.79999899864197
0.024907557293772697,34.79999899864197
0.026027388870716095,34.79999899864197
0.02555524744093418,34.79999899864197
0.020727749913930893,20.797255635261536
0.020524321123957634,34.79999899864197
0.019002359360456467,34.79999899864197
0.020728565752506256,20.72865664958954
0.02442721650004387,20.797255635261536
0.02298617735505104,34.79999899864197
0.02238098904490471,34.79999899864197
0.02009201981127262,34.79999899864197
0.016008172184228897,34.79999899864197
0.02262682467699051,34.79999899864197
0.020910393446683884,34.79999899864197
0.018977263942360878,34.79999899864197
0.0131449606269598,34.79999899864197
0.01247033104300499,34.79999899864197
0.010965409688651562,34.79999899864197
0.010584652423858643,34.79999899864197
0.012810008600354195,34.79999899864197
0.015856781974434853,34.79999899864197
0.01410223264247179,34.79999899864197
0.011838489212095737,34.79999899864197
0.010282980278134346,34.79999899864197
0.0025159684009850025,34.79999899864197
-0.0016235057264566422,21.68903946876526
-0.0016388017684221268,21.346044540405273
-0.001015230780467391,20.797255635261536
-0.005559996236115694,20.797255635261536
-0.003943258430808783,20.797255635261536
0.0006948702502995729,20.72865664958954
-0.003761081490665674,20.797255635261536
-0.0059644682332873344,34.79999899864197
-0.003959326539188623,34.79999899864197
-0.012480891309678555,34.79999899864197
-0.007133842445909977,34.79999899864197
-0.01319968607276678,34.79999899864197
-0.008348353207111359,20.797255635261536
-0.014353160746395588,20.797255635261536
-0.019274350255727768,34.79999899864197
-0.014517109841108322,34.79999899864197
-0.018502376973628998,34.79999899864197
-0.013308119960129261,34.79999899864197
-0.013728898018598557,20.865854620933533
-0.01325187273323536,34.79999899864197
-0.0034889550879597664,34.79999899864197
-0.0039081573486328125,34.79999899864197
-0.004885776434093714,34.79999899864197
0.003295665606856346,34.79999899864197
0.004624473862349987,34.79999899864197
0.0030169987585395575,20.797255635261536
0.0035204242449253798,34.79999899864197
0.0024707883130759,34.79999899864197
0.0008849145960994065,34.79999899864197
-0.0009256674093194306,15.583741664886475
0.0022243340499699116,14.829152822494507
-0.002773585729300976,34.79999899864197
0.00017874338664114475,12.35959529876709
0.0019688729662448168,11.536407470703125
0.006838769651949406,10.850420594215393
0.013069497421383858,9.135448932647705
0.01746947318315506,9.135448932647705
0.02246493473649025,5.1567137241363525
0.02342803217470646,7.077482342720032
0.025771301239728928,2.892950177192688
0.025774497538805008,2.961549162864685
0.02730623260140419,2.892950177192688
0.023138225078582764,4.26492840051651
0.021650228649377823,27.451345324516296
0.022259719669818878,13.80017101764679
0.019806070253252983,3.5789385437965393
0.01811087131500244,4.539322853088379
0.0171730425208807,1.9325658679008484
0.018276572227478027,1.7267704010009766
0.01883961446583271,1.0407805442810059
0.022736329585313797,1.7267704010009766
0.01567663438618183,1.0407805442810059
0.01678495854139328,20.317062735557556
0.013555822893977165,1.6581714153289795
0.015137126669287682,0.6977871060371399
0.01690213568508625,0.6291881203651428
0.017273135483264923,0.9721815586090088
0.016286907717585564,0.08039623498916626
0.011053847149014473,0.08039623498916626
0.01303835492581129,1.3151764869689941
0.010461417958140373,2.344159781932831
0.01163903996348381,1.6581714153289795
0.008922630921006203,1.5895724296569824
0.006928401067852974,1.7267704010009766
0.0064604999497532845,0.6977871060371399
0.005637986585497856,3.030148148536682
0.009140285663306713,6.391492486000061
0.011748255230486393,20.797255635261536
0.013711728155612946,34.79999899864197
0.01614520139992237,34.79999899864197
0.01828610710799694,34.79999899864197
0.019942723214626312,34.79999899864197
0.013968754559755325,34.79999899864197
0.019850954413414,34.79999899864197
0.026038412004709244,34.79999899864197
0.023766061291098595,34.79999899864197
0.017779622226953506,20.797255635261536
0.015712961554527283,34.79999899864197
0.015672801062464714,34.79999899864197
0.01639535091817379,4.196329414844513
0.02138599008321762,34.79999899864197
0.027751637622714043,34.79999899864197
0.018311524763703346,4.333527386188507
0.018037525936961174,4.196329414844513
0.013965656980872154,34.79999899864197
0.012378214858472347,34.79999899864197
0.010672190226614475,34.79999899864197
0.008123905397951603,34.79999899864197
0.007418791297823191,34.79999899864197
0.006372473668307066,34.79999899864197
0.00717190420255065,4.196329414844513
0.0034374420065432787,34.79999899864197
0.0018110221717506647,34.79999899864197
0.0048618074506521225,34.79999899864197
0.0022010118700563908,34.79999899864197
-0.0011690000537782907,34.79999899864197
-0.0033275180030614138,34.79999899864197
0.0009224649984389544,34.79999899864197
0.0040971869602799416,34.79999899864197
0.003472062526270747,34.79999899864197
0.0024186098016798496,20.797255635261536
0.006172607187181711,20.797255635261536
0.0051842425018548965,20.72865664958954
-0.002748555038124323,34.79999899864197
-0.000628369627520442,34.79999899864197
0.0012091444805264473,20.797255635261536
0.0011164013994857669,20.72865664958954
0.0003578657633624971,34.79999899864197
-0.0018690439173951745,34.79999899864197
-0.0016977298073470592,34.79999899864197
-0.007077055983245373,34.79999899864197
-0.007051801308989525,34.79999899864197
-0.008733903989195824,34.79999899864197
-0.007110420148819685,34.79999899864197
-0.006962448824197054,34.79999899864197
-0.008078214712440968,20.797255635261536
-0.005697179585695267,20.797255635261536
-0.0003669764846563339,20.797255635261536
0.0007843765197321773,20.797255635261536
0.0009017952834255993,34.79999899864197
0.004631601274013519,34.79999899864197
-0.003348162630572915,34.79999899864197
-0.0067300209775567055,34.79999899864197
-0.009478852152824402,34.79999899864197
-0.00681484816595912,20.797255635261536
-0.00505771953612566,20.72865664958954
-0.00989304669201374,20.797255635261536
-0.01297765038907528,21.277448534965515
-0.007397941779345274,34.79999899864197
0.002705269493162632,34.79999899864197
0.0005360940122045577,34.79999899864197
0.00859301257878542,34.79999899864197
0.006813831627368927,34.79999899864197
0.007962542586028576,34.79999899864197
0.0057256268337368965,20.72865664958954
0.008931613527238369,20.72865664958954
0.0035125683061778545,20.797255635261536
0.01249634474515915,20.797255635261536
0.01386229693889618,20.797255635261536
0.01852286234498024,20.797255635261536
0.0205256175249815,20.797255635261536
0.02061614952981472,20.797255635261536
0.018119903281331062,20.66005766391754
0.01803692802786827,20.72865664958954
0.01893555372953415,20.865854620933533
0.016059566289186478,20.72865664958954
0.011704987846314907,20.797255635261536
0.013301978819072247,20.797255635261536
0.013638556003570557,20.72865664958954
0.012899517081677914,20.797255635261536
0.017573796212673187,20.72865664958954
0.018562357872724533,20.72865664958954
0.014753690920770168,20.797255635261536
0.01981939747929573,20.797255635261536
0.024249456822872162,20.72865664958954
0.02712806686758995,20.72865664958954
0.02535683661699295,20.72865664958954
0.023216942325234413,20.72865664958954
0.023560883477330208,20.797255635261536
0.024180501699447632,20.865854620933533
0.022937942296266556,20.797255635261536
0.024823255836963654,20.865854620933533
0.024035319685935974,20.797255635261536
0.02567966841161251,20.865854620933533
0.026563892140984535,20.72865664958954
0.03214792534708977,20.72865664958954
0.02536531537771225,20.72865664958954
0.022457443177700043,20.797255635261536
0.021407771855592728,20.797255635261536
0.015249170362949371,20.797255635261536
0.01896609738469124,20.797255635261536
0.02861771732568741,20.72865664958954
0.031063780188560486,20.72865664958954
0.03129984438419342,20.797255635261536
0.028479326516389847,20.66005766391754
0.02655026875436306,20.72865664958954
0.02642626129090786,20.865854620933533
0.030152317136526108,20.72865664958954
0.024426717311143875,20.865854620933533
0.029379313811659813,20.797255635261536
0.028439566493034363,20.72865664958954
0.029776858165860176,20.797255635261536
0.02899651788175106,20.72865664958954
0.029048675671219826,20.72865664958954
0.03168358653783798,20.72865664958954
0.03628081455826759,20.797255635261536
0.03329763188958168,20.797255635261536
0.0320664718747139,20.72865664958954
0.03721972554922104,21.208849549293518
0.03408242017030716,21.208849549293518
0.02691253460943699,34.79999899864197
0.028095580637454987,34.79999899864197
0.03190236911177635,34.79999899864197
0.037721022963523865,34.79999899864197
0.03941376879811287,34.79999899864197
0.03530924394726753,34.79999899864197
0.040084682404994965,34.79999899864197
0.044180937111377716,34.79999899864197
0.046046171337366104,34.79999899864197
0.04801329970359802,34.79999899864197
0.050143856555223465,20.72865664958954
0.052093762904405594,20.72865664958954
0.04678816348314285,34.79999899864197
0.04318639263510704,34.79999899864197
0.042615119367837906,20.797255635261536
0.04486364498734474,34.79999899864197
0.04535020515322685,34.79999899864197
0.04546050727367401,34.79999899864197
0.044994983822107315,34.79999899864197
0.04928085580468178,34.79999899864197
0.04766850918531418,34.79999899864197
0.05181806534528732,34.79999899864197
0.04776560515165329,34.79999899864197
0.042869821190834045,34.79999899864197
0.03650834411382675,34.79999899864197
0.03616814315319061,34.79999899864197
0.042521752417087555,34.79999899864197
0.03731173276901245,34.79999899864197
0.04144078865647316,34.79999899864197
0.04777339845895767,34.79999899864197
0.04931044578552246,34.79999899864197
0.07143771648406982,34.79999899864197
0.0712803527712822,34.79999899864197
0.07260662317276001,20.797255635261536
0.0640559047460556,34.79999899864197
0.06887881457805634,34.79999899864197
0.05985460430383682,34.79999899864197
0.05102042853832245,34.79999899864197
0.04737114906311035,34.79999899864197
0.048425428569316864,34.79999899864197
0.04387839511036873,34.79999899864197
0.04643368348479271,34.79999899864197
0.04888756573200226,33.69384407997131
0.04564708098769188,32.39046335220337
0.04781980812549591,34.79999899864197
0.05359378457069397,34.79999899864197
0.04773974046111107,34.79999899864197
0.04896191135048866,34.79999899864197
0.052869394421577454,34.79999899864197
0.053571585565805435,34.585630893707275
0.051339711993932724,33.69384407997131
0.04892502725124359,34.379833936691284
0.04546751454472542,34.79999899864197
0.04252375289797783,21.277448534965515
0.04494835436344147,34.79999899864197
0.043757278472185135,34.79999899864197
0.044029247015714645,34.79999899864197
0.043307434767484665,34.79999899864197
0.04483956843614578,34.79999899864197
0.05010676011443138,34.79999899864197
0.04644164443016052,20.72865664958954
0.05027113854885101,34.79999899864197
0.04857688397169113,20.72865664958954
0.0503251850605011,34.79999899864197
0.053287312388420105,34.79999899864197
0.05573432147502899,34.79999899864197
0.05273911729454994,34.79999899864197
0.048723116517066956,20.797255635261536
0.04911936819553375,34.79999899864197
0.04948045313358307,34.79999899864197
0.04611881822347641,34.79999899864197
0.05006105825304985,20.72865664958954
0.05077698081731796,34.79999899864197
0.046777352690696716,34.79999899864197
0.04585408419370651,34.79999899864197
0.04201141744852066,20.72865664958954
0.04159913212060928,34.79999899864197
0.03739778324961662,34.79999899864197
0.03819859400391579,34.79999899864197
0.03244777023792267,34.79999899864197
0.025937898084521294,34.79999899864197
0.02890826016664505,34.79999899864197
0.022954793646931648,34.79999899864197
0.0242637749761343,34.79999899864197
0.026458023115992546,34.79999899864197
0.025975558906793594,34.79999899864197
0.026844987645745277,20.72865664958954
0.02868819795548916,20.797255635261536
0.032371677458286285,34.79999899864197
0.027866020798683167,34.79999899864197
0.032580237835645676,34.79999899864197
0.03417394310235977,34.79999899864197
0.03595937415957451,34.79999899864197
0.036152176558971405,34.79999899864197
0.03612403944134712,34.79999899864197
0.03486694395542145,34.79999899864197
0.03232283517718315,34.79999899864197
0.037097252905368805,34.79999899864197
0.03710963949561119,34.79999899864197
0.026910293847322464,20.865854620933533
0.024476734921336174,20.72865664958954
0.02674144320189953,34.79999899864197
0.02755860425531864,34.79999899864197
0.025753898546099663,20.72865664958954
0.024256782606244087,34.79999899864197
0.020245425403118134,34.79999899864197
0.01864105649292469,20.797255635261536
0.023356836289167404,34.79999899864197
0.029098430648446083,34.79999899864197
0.027587633579969406,18.190497159957886
0.0284502562135458,20.797255635261536
0.029290268197655678,34.79999899864197
0.03173719346523285,20.797255635261536
0.03260083869099617,34.79999899864197
0.03324190527200699,34.79999899864197
0.03605310991406441,20.797255635261536
0.038043975830078125,20.797255635261536
0.038890134543180466,34.79999899864197
0.04066118970513344,4.26492840051651
0.04384202882647514,34.79999899864197
0.043443381786346436,34.79999899864197
0.04362665116786957,34.79999899864197
0.036472540348768234,34.79999899864197
0.03606202453374863,34.79999899864197
0.03682010620832443,4.26492840051651
0.028269287198781967,4.196329414844513
0.027297109365463257,4.26492840051651
0.028031250461935997,4.26492840051651
0.020586103200912476,4.196329414844513
0.023733943700790405,4.333527386188507
0.021385906264185905,4.196329414844513
0.017525564879179,4.26492840051651
0.013765934854745865,4.26492840051651
0.012113429605960846,4.26492840051651
0.013012547045946121,4.196329414844513
0.007187637034803629,4.26492840051651
0.01538567990064621,4.26492840051651
0.008571107871830463,4.26492840051651
0.007732086349278688,4.196329414844513
0.012502649798989296,4.26492840051651
0.009466049261391163,4.196329414844513
0.013139619491994381,4.26492840051651
0.012348107062280178,4.196329414844513
0.020315350964665413,4.26492840051651
0.024417471140623093,22.443628311157227
0.024691585451364517,4.26492840051651
0.025031080469489098,4.196329414844513
0.030633391812443733,4.196329414844513
0.033075667917728424,4.196329414844513
0.029200268909335136,4.196329414844513
0.03468609228730202,4.196329414844513
0.0329195000231266,4.196329414844513
0.029150260612368584,2.892950177192688
0.02845243737101555,14.348962903022766
0.02423642948269844,4.196329414844513
0.023957662284374237,5.1567137241363525
0.0273149311542511,4.26492840051651
0.02895994856953621,3.9905324578285217
0.02817744016647339,2.961549162864685
0.027514055371284485,3.2359451055526733
-0.5025909543037415,10.576024651527405
-0.49867555499076843,10.576024651527405
-0.4958980083465576,10.644623637199402
-0.4971247613430023,10.644623637199402
-0.4975600838661194,10.576024651527405
-0.5005009174346924,10.644623637199402
-0.5016376972198486,10.576024651527405
-0.5028607845306396,10.576024651527405
-0.5071244239807129,10.576024651527405
-0.5092034339904785,10.576024651527405
-0.5025909543037415,10.576024651527405
-0.49867555499076843,10.576024651527405
-0.4958980083465576,10.644623637199402
-0.5037226676940918,10.576024651527405
-0.5125950574874878,10.644623637199402
-0.5098592042922974,10.576024651527405
-0.5071858763694763,10.576024651527405
-0.5064287185668945,10.576024651527405
-0.5000678896903992,10.576024651527405
-0.4993647336959839,10.576024651527405
-0.497632771730423,10.507425665855408
-0.5010255575180054,11.19341254234314
-0.5030362010002136,11.124813556671143
-0.49963536858558655,11.19341254234314
-0.49574604630470276,11.124813556671143
-0.4962254464626312,11.262011528015137
-0.4910562336444855,11.19341254234314
-0.492695152759552,11.262011528015137
-0.4852178990840912,10.23302972316742
-0.48554500937461853,10.301628708839417
-0.49075308442115784,10.23302972316742
-0.49966588616371155,10.301628708839417
-0.4981783628463745,10.23302972316742
-0.49648821353912354,10.370227694511414
-0.4960606098175049,10.301628708839417
-0.5004270076751709,10.301628708839417
-0.5025861263275146,10.301628708839417
-0.5125591158866882,10.301628708839417
-0.5120919942855835,10.23302972316742
-0.5088011026382446,10.301628708839417
-0.5112029314041138,10.23302972316742
-0.5032538175582886,10.301628708839417
-0.49601948261260986,10.301628708839417
-0.49011731147766113,10.301628708839417
-0.4940389096736908,10.301628708839417
-0.49820277094841003,10.301628708839417
-0.5002200603485107,10.301628708839417
-0.4964829087257385,10.301628708839417
-0.499168336391449,10.301628708839417
-0.49771687388420105,10.301628708839417
-0.4968721568584442,10.301628708839417
-0.4922173321247101,10.23302972316742
-0.4971986413002014,10.301628708839417
-0.5051770210266113,10.23302972316742
-0.503510594367981,10.370227694511414
-0.5016058087348938,10.301628708839417
-0.5046629309654236,10.301628708839417
-0.5107998847961426,10.301628708839417
-0.5168561339378357,10.301628708839417
-0.5171850919723511,10.301628708839417
-0.5103010535240173,10.23302972316742
-0.5102705955505371,10.301628708839417
-0.5105124115943909,10.301628708839417
-0.5042986273765564,10.301628708839417
-0.5004194378852844,10.301628708839417
-0.49787309765815735,10.370227694511414
-0.4908461570739746,10.23302972316742
-0.4907936453819275,10.23302972316742
-0.49224913120269775,10.23302972316742
-0.49293819069862366,10.301628708839417
-0.4908502697944641,10.301628708839417
-0.49175384640693665,10.301628708839417
-0.4879499077796936,10.164430737495422
-0.491830050945282,10.301628708839417
-0.4855846166610718,10.370227694511414
-0.4834575653076172,10.23302972316742
-0.4874808192253113,10.301628708839417
-0.487283855676651,10.23302972316742
-0.48077392578125,10.301628708839417
-0.4771822988986969,10.301628708839417
-0.4817870855331421,10.23302972316742
-0.485972136259079,10.301628708839417
-0.4897506535053253,10.301628708839417
-0.4904962182044983,10.23302972316742
-0.4866906702518463,10.370227694511414
-0.48551639914512634,10.23302972316742
-0.48215293884277344,10.301628708839417
-0.4912647604942322,10.301628708839417
-0.49596908688545227,10.301628708839417
-0.4924728274345398,10.301628708839417
-0.4996090233325958,10.301628708839417
-0.49513712525367737,10.301628708839417
-0.4969174563884735,10.23302972316742
-0.49721166491508484,10.301628708839417
-0.49749115109443665,10.301628708839417
-0.49846377968788147,10.301628708839417
-0.5038195848464966,10.23302972316742
-0.5044506788253784,10.301628708839417
-0.5070809125900269,10.301628708839417
-0.5081638097763062,10.301628708839417
-0.5009499192237854,10.23302972316742
-0.5000795722007751,10.301628708839417
-0.4964490234851837,10.23302972316742
-0.49260228872299194,10.301628708839417
-0.49327319860458374,10.164430737495422
-0.4920879006385803,10.301628708839417
-0.4921700656414032,10.370227694511414
-0.4889843165874481,10.301628708839417
-0.49137476086616516,10.370227694511414
-0.49194610118865967,10.23302972316742
-0.48925140500068665,10.301628708839417
-0.4897456467151642,10.23302972316742
-0.48452723026275635,10.370227694511414
-0.48348045349121094,10.301628708839417
-0.4883786737918854,10.301628708839417
-0.4938963055610657,10.23302972316742
-0.4946010708808899,10.370227694511414
-0.49808934330940247,10.23302972316742
-0.49617457389831543,10.301628708839417
-0.49575239419937134,10.301628708839417
-0.4932421147823334,10.301628708839417
-0.49339330196380615,10.301628708839417
-0.4891456663608551,10.301628708839417
-0.4846019148826599,10.301628708839417
-0.48470574617385864,10.23302972316742
-0.4791196286678314,10.301628708839417
-0.4827426075935364,10.23302972316742
-0.48299744725227356,10.301628708839417
-0.4844910204410553,10.301628708839417
-0.48916879296302795,10.370227694511414
-0.4897890090942383,10.301628708839417
-0.4965493083000183,10.23302972316742
-0.49591249227523804,10.23302972316742
-0.4983026087284088,10.301628708839417
-0.495606005191803,10.23302972316742
-0.4983544647693634,10.370227694511414
-0.49060896039009094,10.23302972316742
-0.4921906590461731,10.301628708839417
-0.48669594526290894,10.301628708839417
-0.490996390581131,10.301628708839417
-0.49102723598480225,10.301628708839417
-0.49466222524642944,10.23302972316742
-0.4954710006713867,10.301628708839417
-0.49349063634872437,10.301628708839417
-0.49664169549942017,10.301628708839417
-0.4989393353462219,10.23302972316742
-0.49942249059677124,10.301628708839417
-0.5053923726081848,10.23302972316742
-0.5028510093688965,10.301628708839417
-0.5005449056625366,10.23302972316742
-0.4961399435997009,10.23302972316742
-0.49686989188194275,10.23302972316742
-0.4949638247489929,10.301628708839417
-0.4969433546066284,10.301628708839417
-0.49372199177742004,10.23302972316742
-0.4888220429420471,10.301628708839417
-0.49395039677619934,10.23302972316742
-0.4932419955730438,10.301628708839417
-0.5011404752731323,10.23302972316742
-0.5047792196273804,10.301628708839417
-0.505731999874115,10.301628708839417
-0.503385603427887,10.370227694511414
-0.5034012198448181,10.23302972316742
-0.4993831515312195,10.301628708839417
-0.4959415793418884,10.301628708839417
-0.49408194422721863,10.23302972316742
-0.4952445924282074,10.23302972316742
-0.49969199299812317,10.301628708839417
-0.4982772469520569,10.164430737495422
-0.5005332827568054,10.370227694511414
-0.49552541971206665,10.370227694511414
-0.49291348457336426,10.301628708839417
-0.4893379211425781,10.301628708839417
-0.4877200722694397,10.301628708839417
-0.48681679368019104,10.301628708839417
-0.4844295382499695,10.301628708839417
-0.49189186096191406,10.301628708839417
-0.4875231981277466,10.301628708839417
-0.48443302512168884,10.301628708839417
-0.48268604278564453,10.370227694511414
-0.4823201894760132,10.301628708839417
-0.4811983108520508,10.301628708839417
-0.4864346981048584,10.301628708839417
-0.4865243434906006,10.301628708839417
-0.48651954531669617,10.301628708839417
-0.4844709038734436,10.301628708839417
-0.48104971647262573,10.301628708839417
-0.4803886115550995,11.262011528015137
-0.4841947555541992,10.301628708839417
-0.4811185598373413,10.301628708839417
-0.47640347480773926,10.301628708839417
-0.4781748950481415,10.370227694511414
-0.4843517541885376,10.23302972316742
-0.4879814386367798,10.370227694511414
-0.4847731292247772,10.23302972316742
-0.47847917675971985,10.301628708839417
-0.47613534331321716,10.301628708839417
-0.4772619605064392,10.301628708839417
-0.46852248907089233,10.301628708839417
-0.4693428575992584,10.301628708839417
-0.46620017290115356,10.164430737495422
-0.46627575159072876,10.301628708839417
-0.47270363569259644,10.301628708839417
-0.4736539125442505,10.301628708839417
-0.4780174493789673,10.301628708839417
-0.47743701934814453,10.23302972316742
-0.470567911863327,10.301628708839417
-0.4758269190788269,10.23302972316742
-0.47263064980506897,10.301628708839417
-0.4802098870277405,10.23302972316742
-0.4843912124633789,10.301628708839417
-0.48762232065200806,10.23302972316742
-0.4870139956474304,10.23302972316742
-0.49074646830558777,10.301628708839417
-0.48241642117500305,10.23302972316742
-0.47926729917526245,10.23302972316742
-0.4808986186981201,10.301628708839417
-0.48912420868873596,10.301628708839417
-0.4961891174316406,10.23302972316742
-0.4977055788040161,10.301628708839417
-0.4954589307308197,10.301628708839417
-0.49838024377822876,10.301628708839417
-0.5014990568161011,10.23302972316742
-0.5044906735420227,10.370227694511414
-0.5027488470077515,10.301628708839417
-0.49830925464630127,10.301628708839417
-0.4968678057193756,10.23302972316742
-0.4962150454521179,10.301628708839417
-0.49697598814964294,10.23302972316742
-0.4979308247566223,10.301628708839417
-0.499687522649765,10.301628708839417
-0.5048061013221741,10.301628708839417
-0.5037068128585815,10.23302972316742
-0.49811622500419617,10.301628708839417
-0.502570629119873,10.301628708839417
-0.4996267259120941,10.23302972316742
-0.5003093481063843,10.370227694511414
-0.5061835050582886,10.301628708839417
-0.5013213753700256,10.301628708839417
-0.5055400133132935,10.23302972316742
-0.5115436911582947,10.370227694511414
-0.5097456574440002,10.301628708839417
-0.51058429479599,10.370227694511414
-0.5095041990280151,10.23302972316742
-0.5092042088508606,10.301628708839417
-0.511182963848114,10.23302972316742
-0.5127792358398438,10.301628708839417
-0.5121716856956482,10.301628708839417
-0.5102794766426086,10.301628708839417
-0.5054391026496887,10.301628708839417
-0.5020697712898254,10.301628708839417
-0.49891147017478943,10.301628708839417
-0.4983336329460144,10.301628708839417
-0.501426100730896,10.301628708839417
-0.5014066100120544,10.301628708839417
-0.5032795667648315,10.301628708839417
-0.5019890666007996,10.301628708839417
-0.5066909193992615,10.301628708839417
-0.5042632818222046,10.23302972316742
-0.5077552199363708,10.301628708839417
-0.5057150721549988,10.23302972316742
-0.5038501024246216,10.301628708839417
-0.5049068331718445,10.301628708839417
-0.5006128549575806,10.301628708839417
-0.5013135671615601,10.23302972316742
-0.5001949071884155,10.301628708839417
-0.5016769170761108,10.301628708839417
-0.5043590068817139,10.301628708839417
-0.5014960169792175,10.301628708839417
-0.49243611097335815,10.23302972316742
-0.492807537317276,10.301628708839417
-0.502001941204071,10.23302972316742
-0.5034916400909424,10.301628708839417
-0.4994536340236664,10.301628708839417
-0.5039346814155579,10.370227694511414
-0.4959426820278168,10.301628708839417
-0.4919404685497284,10.301628708839417
-0.49395960569381714,11.124813556671143
-0.49007144570350647,11.124813556671143
-0.48619017004966736,10.23302972316742
-0.48948395252227783,10.301628708839417
-0.4946661591529846,10.301628708839417
-0.4936085045337677,10.301628708839417
-0.48738789558410645,10.301628708839417
-0.4863344132900238,10.23302972316742
-0.48474958539009094,10.370227694511414
-0.48209628462791443,10.301628708839417
-0.48244962096214294,10.301628708839417
-0.4837828278541565,10.301628708839417
-0.4862045645713806,10.370227694511414
-0.48426488041877747,10.23302972316742
-0.4884248971939087,11.19341254234314
-0.48906874656677246,11.124813556671143
-0.48246195912361145,11.124813556671143
-0.4739883244037628,11.19341254234314
-0.47401857376098633,11.124813556671143
-0.47366252541542053,11.056214570999146
-0.4760875701904297,11.19341254234314
-0.4737679362297058,11.262011528015137
-0.469061940908432,11.19341254234314
-0.4753929078578949,10.644623637199402
-0.47561419010162354,10.576024651527405
-0.4737401604652405,10.644623637199402
-0.47721779346466064,10.576024651527405
-0.4800366759300232,10.576024651527405
-0.4875871539115906,10.576024651527405
-0.48773500323295593,10.644623637199402
-0.48445263504981995,10.576024651527405
-0.48867374658584595,10.576024651527405
-0.48751622438430786,10.576024651527405
-0.4910743534564972,10.507425665855408
-0.4846649765968323,10.576024651527405
-0.48441147804260254,10.507425665855408
-0.4852423369884491,10.644623637199402
-0.487839013338089,10.576024651527405
-0.4824616611003876,10.644623637199402
-0.4810121953487396,10.576024651527405
-0.481673002243042,10.644623637199402
-0.48086461424827576,10.576024651527405
-0.48326829075813293,10.644623637199402
-0.4799670875072479,10.576024651527405
-0.4826601445674896,10.576024651527405
-0.49255234003067017,10.576024651527405
-0.4917761981487274,10.576024651527405
-0.49997279047966003,10.576024651527405
-0.5001927614212036,10.507425665855408
-0.4990927577018738,10.576024651527405
-0.4926891326904297,10.576024651527405
-0.49095290899276733,10.576024651527405
-0.4913097023963928,10.576024651527405
-0.4892444312572479,10.644623637199402
-0.4927721619606018,10.576024651527405
-0.49701058864593506,10.644623637199402
-0.5002424716949463,10.576024651527405
-0.4980248510837555,10.576024651527405
-0.5009318590164185,10.576024651527405
-0.5061825513839722,10.576024651527405
-0.5083189606666565,10.576024651527405
-0.5099072456359863,10.576024651527405
-0.5070418119430542,10.507425665855408
-0.5053183436393738,10.507425665855408
-0.5028805136680603,10.576024651527405
-0.5016099810600281,10.507425665855408
-0.5000689625740051,10.576024651527405
-0.4941216707229614,10.507425665855408
-0.5009992122650146,10.644623637199402
-0.49876052141189575,10.576024651527405
-0.5023981928825378,10.644623637199402
-0.5028848648071289,10.576024651527405
-0.5073041319847107,10.644623637199402
-0.5101089477539062,10.644623637199402
-0.5150845050811768,10.644623637199402
-0.5113800764083862,10.576024651527405
-0.5091814994812012,10.644623637199402
-0.5112406015396118,10.576024651527405
-0.505262553691864,10.576024651527405
-0.5075621008872986,10.576024651527405
-0.5080409646034241,10.644623637199402
-0.5093908309936523,10.576024651527405
-0.5061901807785034,10.507425665855408
-0.5082389712333679,10.507425665855408
-0.5082443952560425,10.576024651527405
-0.5073687434196472,10.644623637199402
-0.5032742023468018,10.576024651527405
-0.5026283860206604,10.576024651527405
-0.5051414370536804,10.576024651527405
-0.5027124285697937,10.507425665855408
-0.5023754835128784,10.576024651527405
-0.49878036975860596,10.576024651527405
-0.49899205565452576,10.576024651527405
-0.5006383657455444,10.644623637199402
-0.5039958953857422,10.576024651527405
-0.5053560137748718,10.644623637199402
-0.5080781579017639,10.576024651527405
-0.5078495144844055,10.576024651527405
-0.5071051716804504,10.576024651527405
-0.5072296857833862,10.507425665855408
-0.5057236552238464,10.576024651527405
-0.5081576704978943,10.576024651527405
-0.5005854368209839,10.644623637199402
-0.5020080208778381,10.576024651527405
-0.5000829100608826,10.644623637199402
-0.4928412437438965,10.576024651527405
-0.49751994013786316,10.644623637199402
-0.5016269683837891,10.576024651527405
-0.5056678056716919,10.644623637199402
-0.5076284408569336,10.576024651527405
-0.512124240398407,10.644623637199402
-0.5156473517417908,10.576024651527405
-0.5144295692443848,10.644623637199402
-0.5059158205986023,10.576024651527405
-0.5129703879356384,10.644623637199402
-0.5075328946113586,10.43882668018341
-0.5054952502250671,10.576024651527405
-0.5178882479667664,10.644623637199402
-0.5235087871551514,10.576024651527405
-0.5291134119033813,10.576024651527405
-0.5302402973175049,10.507425665855408
-0.5252841711044312,10.576024651527405
-0.5189520716667175,10.576024651527405
-0.518897533416748,10.576024651527405
-0.5158901214599609,10.576024651527405
-0.5240866541862488,10.576024651527405
-0.5251930356025696,10.576024651527405
-0.5256131291389465,10.507425665855408
-0.5257694125175476,10.576024651527405
-0.5139963626861572,10.644623637199402
-0.5115044713020325,10.576024651527405
-0.5087615251541138,10.576024651527405
-0.5166643857955933,10.576024651527405
-0.5163929462432861,10.576024651527405
-0.520670473575592,10.576024651527405
-0.5209221839904785,10.576024651527405
-0.5199369192123413,10.644623637199402
-0.5177470445632935,10.576024651527405
-0.516562819480896,10.576024651527405
-0.512294590473175,10.576024651527405
-0.5085258483886719,10.507425665855408
-0.5092414617538452,10.576024651527405
-0.5089866518974304,10.576024651527405
-0.506830632686615,10.576024651527405
-0.5012683868408203,10.507425665855408
-0.5061150789260864,10.576024651527405
-0.5013701915740967,10.576024651527405
-0.5071991086006165,10.576024651527405
-0.5076860189437866,10.576024651527405
-0.508758544921875,10.644623637199402
-0.5105275511741638,10.576024651527405
-0.5113994479179382,10.644623637199402
-0.507989764213562,10.576024651527405
-0.5081135034561157,10.507425665855408
-0.5022667646408081,10.576024651527405
-0.5048633217811584,10.576024651527405
-0.5064752697944641,10.507425665855408
-0.5018898248672485,10.576024651527405
-0.5078839063644409,10.576024651527405
-0.5087081789970398,10.576024651527405
-0.512982189655304,10.576024651527405
-0.5134008526802063,10.507425665855408
-0.507158637046814,9.684237837791443
-0.499738872051239,9.75283682346344
-0.5048317909240723,9.684237837791443
-0.5067611336708069,9.75283682346344
-0.5079367756843567,9.684237837791443
-0.5145400166511536,9.75283682346344
-0.5144718289375305,10.576024651527405
-0.5129072666168213,9.75283682346344
-0.5170148015022278,9.684237837791443
-0.5138440132141113,10.576024651527405
-0.5143754482269287,10.576024651527405
-0.5168212652206421,10.576024651527405
-0.5214493870735168,10.644623637199402
-0.525577187538147,10.576024651527405
-0.5249149203300476,10.507425665855408
-0.5264192223548889,10.576024651527405
-0.5288212299346924,10.576024651527405
-0.5133601427078247,10.43882668018341
-0.5081427693367004,10.576024651527405
-0.5095074772834778,10.576024651527405
-0.5155906677246094,10.576024651527405
-0.5118522047996521,10.576024651527405
-0.5140572190284729,10.576024651527405
0.15816666185855865,-7.122483849525452
0.16443921625614166,-7.191082835197449
0.15925879776477814,-7.122483849525452
0.1604240983724594,-7.122483849525452
0.16302885115146637,-7.122483849525452
0.16624820232391357,-7.122483849525452
0.16287362575531006,-7.122483849525452
0.16273973882198334,-7.053884863853455
0.1593378186225891,-7.122483849525452
0.1622181385755539,-7.122483849525452
0.15816666185855865,-7.122483849525452
0.16443921625614166,-7.191082835197449
0.15925879776477814,-7.122483849525452
0.1604240983724594,-7.122483849525452
0.16302885115146637,-7.122483849525452
0.16624820232391357,-7.122483849525452
0.16287362575531006,-7.122483849525452
0.16273973882198334,-7.053884863853455
0.1593378186225891,-7.122483849525452
0.1622181385755539,-7.122483849525452
0.15816666185855865,-7.122483849525452
0.16443921625614166,-7.191082835197449
0.15925879776477814,-7.122483849525452
0.1604240983724594,-7.122483849525452
0.16302885115146637,-7.122483849525452
0.16624820232391357,-7.122483849525452
0.16287362575531006,-7.122483849525452
0.16273973882198334,-7.053884863853455
0.1593378186225891,-7.122483849525452
0.1622181385755539,-7.122483849525452
0.16629745066165924,-7.191082835197449
0.16700010001659393,-7.053884863853455
0.1678818315267563,-7.122483849525452
0.16967077553272247,-7.122483849525452
0.16973531246185303,-7.122483849525452
0.16600990295410156,-7.191082835197449
0.1636754423379898,-7.122483849525452
0.16849485039710999,-7.191082835197449
0.1704295128583908,-7.191082835197449
0.1716040074825287,-7.122483849525452
0.16879689693450928,-7.122483849525452
0.170719712972641,-7.122483849525452
0.16623571515083313,-7.053884863853455
0.16946494579315186,-7.191082835197449
0.16412273049354553,-7.122483849525452
0.16306409239768982,-7.191082835197449
0.1676197052001953,-7.122483849525452
0.16349725425243378,-7.122483849525452
0.16724590957164764,-7.122483849525452
0.16591039299964905,-7.122483849525452
0.16466152667999268,-7.122483849525452
0.16114944219589233,-7.122483849525452
0.1588096171617508,-7.191082835197449
0.1524556279182434,-7.122483849525452
0.14885853230953217,-7.122483849525452
0.1476699709892273,-7.053884863853455
0.14406508207321167,-7.191082835197449
0.14006772637367249,-7.191082835197449
0.13484102487564087,-7.191082835197449
0.1374426782131195,-7.191082835197449
0.1314159631729126,-7.122483849525452
0.12729412317276,-7.053884863853455
0.13536784052848816,-7.122483849525452
0.13686677813529968,-7.122483849525452
0.13587996363639832,-7.191082835197449
0.1318250149488449,-7.122483849525452
0.13053490221500397,-7.122483849525452
0.13580186665058136,-7.122483849525452
0.13583220541477203,-7.122483849525452
0.1345120221376419,-7.191082835197449
0.13686759769916534,-7.122483849525452
0.13541051745414734,-7.191082835197449
0.13298390805721283,-7.122483849525452
0.1239207461476326,-7.122483849525452
0.12286438047885895,-7.122483849525452
0.12601004540920258,-7.191082835197449
0.12759622931480408,-7.053884863853455
0.124440997838974,-7.122483849525452
0.12811191380023956,-7.053884863853455
0.12754017114639282,-7.191082835197449
0.12619638442993164,-7.053884863853455
0.12817057967185974,-7.191082835197449
0.13123495876789093,-7.122483849525452
0.13119564950466156,-7.122483849525452
0.13277140259742737,-7.122483849525452
0.1319362223148346,-7.122483849525452
0.13551902770996094,-7.122483849525452
0.1343120038509369,-7.122483849525452
0.13446977734565735,-7.191082835197449
0.1383356899023056,-7.053884863853455
0.13828961551189423,-7.191082835197449
0.13428910076618195,-7.053884863853455
0.13516239821910858,-7.191082835197449
0.1397087126970291,-7.122483849525452
0.13784116506576538,-7.122483849525452
0.13563908636569977,-7.122483849525452
0.13979926705360413,-7.122483849525452
0.14167551696300507,-7.122483849525452
0.14051054418087006,-7.122483849525452
0.13810014724731445,-7.191082835197449
0.13737404346466064,-7.122483849525452
0.1338183432817459,-7.191082835197449
0.13924859464168549,-7.122483849525452
0.14073529839515686,-7.122483849525452
0.1377449780702591,-7.053884863853455
0.13520139455795288,-7.122483849525452
0.12898045778274536,-7.053884863853455
0.12299010902643204,-7.191082835197449
0.1205059364438057,-7.122483849525452
0.12316693365573883,-7.122483849525452
0.12507274746894836,-7.122483849525452
0.1239522323012352,-7.191082835197449
0.12459617853164673,-7.191082835197449
0.13424986600875854,-7.122483849525452
0.14102566242218018,-7.122483849525452
0.13670258224010468,-7.122483849525452
0.13306961953639984,-7.191082835197449
0.13297288119792938,-7.191082835197449
0.1353446990251541,-7.122483849525452
0.13614855706691742,-7.053884863853455
0.1341024935245514,-7.122483849525452
0.13337135314941406,-7.122483849525452
0.13442251086235046,-7.122483849525452
0.13060417771339417,-7.053884863853455
0.13119502365589142,-7.122483849525452
0.1366678923368454,-7.122483849525452
0.1340886652469635,-7.122483849525452
0.13614411652088165,-7.122483849525452
0.13282917439937592,-7.191082835197449
0.13092683255672455,-7.122483849525452
0.12960371375083923,-7.122483849525452
0.1334214210510254,-7.191082835197449
0.13033519685268402,-7.122483849525452
0.1292242407798767,-7.191082835197449
0.12723632156848907,-7.122483849525452
0.12601853907108307,-7.122483849525452
0.1242336556315422,-7.053884863853455
0.12485823780298233,-7.122483849525452
0.12477931380271912,-7.053884863853455
0.12168512493371964,-7.191082835197449
0.1222558245062828,-7.122483849525452
0.12625154852867126,-7.122483849525452
0.12708118557929993,-7.122483849525452
0.12886852025985718,-7.191082835197449
0.12496570497751236,-7.122483849525452
0.1271931380033493,-7.122483849525452
0.1310684084892273,-7.122483849525452
0.13313981890678406,-7.191082835197449
0.12948955595493317,-7.191082835197449
0.13430730998516083,-7.122483849525452
0.1340385377407074,-7.122483849525452
0.1357020139694214,-7.122483849525452
0.1367105394601822,-7.191082835197449
0.13348619639873505,-7.122483849525452
0.1333712935447693,-7.122483849525452
0.13782928884029388,-7.191082835197449
0.13357499241828918,-7.191082835197449
0.13286757469177246,-7.053884863853455
0.1341797113418579,-7.122483849525452
0.1382134109735489,-7.122483849525452
0.13461169600486755,-7.191082835197449
0.13579149544239044,-7.122483849525452
0.1346181482076645,-7.122483849525452
0.1307145208120346,-7.122483849525452
0.13315324485301971,-7.122483849525452
0.1436462551355362,-7.122483849525452
0.14006295800209045,-7.122483849525452
0.1419949233531952,-7.122483849525452
0.1450713723897934,-7.053884863853455
0.14914745092391968,-7.191082835197449
0.15544334053993225,-7.191082835197449
0.15031374990940094,-7.122483849525452
0.1548270881175995,-7.122483849525452
0.15481606125831604,-7.122483849525452
0.1535867601633072,-7.122483849525452
0.14978638291358948,-7.122483849525452
0.15249039232730865,-7.053884863853455
0.15232206881046295,-7.191082835197449
0.15163777768611908,-7.053884863853455
0.14383435249328613,-7.122483849525452
0.1440775841474533,-7.053884863853455
0.15249627828598022,-7.122483849525452
0.1495944708585739,-7.122483849525452
0.14972320199012756,-7.053884863853455
0.14737452566623688,-7.122483849525452
0.14579053223133087,-7.122483849525452
0.14982382953166962,-7.122483849525452
0.1496126502752304,-7.053884863853455
0.14106173813343048,-7.122483849525452
0.14278335869312286,-7.053884863853455
0.14552688598632812,-7.053884863853455
0.14193102717399597,-7.122483849525452
0.1467658132314682,-7.191082835197449
0.14481382071971893,-7.122483849525452
0.15461693704128265,-7.191082835197449
0.15362775325775146,-7.191082835197449
0.1554257720708847,-7.122483849525452
0.15257829427719116,-7.191082835197449
0.14671631157398224,-7.191082835197449
0.13896022737026215,-7.122483849525452
0.13926781713962555,-7.191082835197449
0.142318457365036,-7.191082835197449
0.14723515510559082,-7.053884863853455
0.15121890604496002,-7.122483849525452
0.15568698942661285,-7.122483849525452
0.15645383298397064,-7.122483849525452
0.14946533739566803,-7.122483849525452
0.1394864320755005,-7.053884863853455
0.1429920792579651,-7.122483849525452
0.1396266669034958,-7.191082835197449
0.144710510969162,-7.053884863853455
0.1426772177219391,-7.122483849525452
0.14399544894695282,-7.122483849525452
0.14986002445220947,-7.122483849525452
0.1535329967737198,-7.191082835197449
0.15498459339141846,-7.053884863853455
0.1587539166212082,-7.191082835197449
0.15421003103256226,-7.122483849525452
0.15541505813598633,-7.122483849525452
0.15240566432476044,-7.122483849525452
0.15135008096694946,-7.122483849525452
0.14700527489185333,-7.053884863853455
0.14738532900810242,-7.122483849525452
0.15027953684329987,-7.053884863853455
0.14781901240348816,-7.122483849525452
0.1452493518590927,-7.122483849525452
0.14470376074314117,-7.191082835197449
0.1433449536561966,-7.191082835197449
0.1475054919719696,-7.122483849525452
0.14597190916538239,-7.122483849525452
0.15091896057128906,-7.122483849525452
0.152138814330101,-7.122483849525452
0.15355528891086578,-7.053884863853455
0.14767658710479736,-7.122483849525452
0.149433434009552,-7.122483849525452
0.14746107161045074,-7.191082835197449
0.1516365259885788,-7.122483849525452
0.15422405302524567,-7.122483849525452
0.15363918244838715,-7.122483849525452
0.15300635993480682,-7.191082835197449
0.1514238715171814,-7.122483849525452
0.14995083212852478,-7.191082835197449
0.15200461447238922,-7.122483849525452
0.14857950806617737,-7.191082835197449
0.14960557222366333,-7.053884863853455
0.1488570272922516,-7.122483849525452
0.14635200798511505,-7.191082835197449
0.14052660763263702,-7.053884863853455
0.14431536197662354,-7.191082835197449
0.14524099230766296,-7.053884863853455
0.14291678369045258,-7.053884863853455
0.14055058360099792,-7.191082835197449
0.14603063464164734,-7.191082835197449
0.1439383327960968,-7.053884863853455
0.14299751818180084,-7.122483849525452
0.14204402267932892,-7.191082835197449
0.1454012393951416,-7.191082835197449
0.14953084290027618,-7.053884863853455
0.15089558064937592,-7.122483849525452
0.15219208598136902,-7.191082835197449
0.15774284303188324,-7.122483849525452
0.15762142837047577,-7.122483849525452
0.1549823135137558,-7.122483849525452
0.1511000543832779,-7.122483849525452
0.14484147727489471,-7.191082835197449
0.14148443937301636,-7.191082835197449
0.14660432934761047,-7.191082835197449
0.14270038902759552,-7.122483849525452
0.14430458843708038,-7.053884863853455
0.1497756987810135,-7.122483849525452
0.14261183142662048,-7.053884863853455
0.14119017124176025,-7.122483849525452
0.14371643960475922,-7.122483849525452
0.14291416108608246,-7.053884863853455
0.1472609043121338,-7.191082835197449
0.14071963727474213,-7.191082835197449
0.14522841572761536,-7.122483849525452
0.14432257413864136,-7.122483849525452
0.13859863579273224,-7.191082835197449
0.14142842590808868,-7.053884863853455
0.14116425812244415,-6.093500554561615
0.14018785953521729,-7.053884863853455
0.1456819772720337,-7.191082835197449
0.14659538865089417,-7.053884863853455
0.144026979804039,-6.024901568889618
0.1396854966878891,-7.122483849525452
0.13647982478141785,-7.191082835197449
0.1374690979719162,-7.191082835197449
0.1416177749633789,-7.122483849525452
0.14507973194122314,-7.191082835197449
0.14275190234184265,-7.191082835197449
0.1396121382713318,-7.122483849525452
0.1391935795545578,-7.191082835197449
0.14315737783908844,-7.191082835197449
0.15000581741333008,-6.093500554561615
0.14585432410240173,-7.191082835197449
0.14800484478473663,-7.122483849525452
0.14247649908065796,-7.122483849525452
0.14257174730300903,-7.053884863853455
0.1375323086977005,-7.191082835197449
0.13486655056476593,-7.122483849525452
0.12610948085784912,-7.122483849525452
0.136980801820755,-7.122483849525452
0.14140385389328003,-7.191082835197449
0.1461910754442215,-7.122483849525452
0.15066777169704437,-7.122483849525452
0.14643725752830505,-7.122483849525452
0.1498880833387375,-7.122483849525452
0.15397223830223083,-7.122483849525452
0.1506529152393341,-7.122483849525452
0.14678777754306793,-7.053884863853455
0.13863927125930786,-7.122483849525452
0.13691653311252594,-7.122483849525452
0.14433468878269196,-7.191082835197449
0.14537596702575684,-7.122483849525452
0.1442076563835144,-7.053884863853455
0.14021436870098114,-7.122483849525452
0.14648598432540894,-7.122483849525452
0.14821529388427734,-7.122483849525452
0.14030596613883972,-7.191082835197449
0.14023087918758392,-7.191082835197449
0.13978667557239532,-7.122483849525452
0.14230281114578247,-7.122483849525452
0.14404451847076416,-7.053884863853455
0.14729148149490356,-7.122483849525452
0.15111811459064484,-7.122483849525452
0.14968904852867126,-7.122483849525452
0.14734208583831787,-7.122483849525452
0.14404182136058807,-7.122483849525452
0.14302611351013184,-7.122483849525452
0.14552602171897888,-7.122483849525452
0.15063850581645966,-7.122483849525452
0.1465311348438263,-7.053884863853455
0.1542949676513672,-7.122483849525452
0.14835689961910248,-7.053884863853455
0.1413922756910324,-7.191082835197449
0.14262433350086212,-7.122483849525452
0.14575660228729248,-7.122483849525452
0.15411046147346497,-7.053884863853455
0.16006144881248474,-7.122483849525452
0.16144448518753052,-7.191082835197449
0.155194491147995,-6.093500554561615
0.1480567455291748,-6.093500554561615
0.13995228707790375,-7.053884863853455
0.13663524389266968,-7.122483849525452
0.13826662302017212,-7.122483849525452
0.13503386080265045,-7.191082835197449
0.13942822813987732,-7.053884863853455
0.1466626524925232,-6.024901568889618
0.14712725579738617,-7.053884863853455
0.13694240152835846,-6.093500554561615
0.12497568130493164,-6.162099540233612
0.12394070625305176,-7.122483849525452
0.10948852449655533,-7.053884863853455
0.11688192188739777,-6.093500554561615
0.12222226709127426,-6.093500554561615
0.12343119084835052,-7.122483849525452
0.144553542137146,-7.053884863853455
0.11629136651754379,-7.191082835197449
0.10717161744832993,-7.191082835197449
0.08231133967638016,-7.122483849525452
0.0730200931429863,-7.191082835197449
0.07062123715877533,-7.122483849525452
0.06631581485271454,-7.191082835197449
0.07190042734146118,-7.053884863853455
0.06720792502164841,-7.122483849525452
0.0640675351023674,-7.053884863853455
0.058090195059776306,-7.122483849525452
0.038132842630147934,-7.122483849525452
0.015280021354556084,-7.122483849525452
0.01563531719148159,-7.053884863853455
0.013000362552702427,-7.053884863853455
0.019018307328224182,-7.122483849525452
0.030568093061447144,-7.191082835197449
0.036214590072631836,-7.191082835197449
0.03801240026950836,-6.093500554561615
0.027832726016640663,-7.191082835197449
0.01374876033514738,-7.122483849525452
0.015963394194841385,-7.053884863853455
0.037400826811790466,-7.053884863853455
0.044835835695266724,-7.122483849525452
0.058190032839775085,-7.191082835197449
0.06157396361231804,-7.122483849525452
0.0804435983300209,-7.053884863853455
0.08322954922914505,-7.191082835197449
0.07795500755310059,-7.053884863853455
0.07288889586925507,-7.122483849525452
0.0691479817032814,-6.093500554561615
0.06263291090726852,-7.122483849525452
0.06925682723522186,-7.191082835197449
0.07158104330301285,-7.122483849525452
0.068016916513443,-7.191082835197449
0.06242861971259117,-7.191082835197449
0.06594612449407578,-7.191082835197449
0.06335519254207611,-7.053884863853455
0.06605636328458786,-7.122483849525452
0.06373972445726395,-7.122483849525452
0.05269797518849373,-7.191082835197449
0.0460977666079998,-7.122483849525452
0.03946288302540779,-7.191082835197449
0.038815367966890335,-7.053884863853455
0.054786063730716705,-7.122483849525452
0.06825670599937439,-7.122483849525452
0.08350858092308044,-7.122483849525452
0.0713764876127243,-7.122483849525452
0.06089042127132416,-7.122483849525452
0.05934128537774086,-7.122483849525452
0.04310653358697891,-7.122483849525452
0.04310593008995056,-7.053884863853455
0.05187392607331276,-7.122483849525452
0.07043884694576263,-7.122483849525452
0.06465410441160202,-7.122483849525452
0.047602780163288116,-7.122483849525452
0.038129210472106934,-6.093500554561615
0.04296192154288292,-6.162099540233612
0.049554385244846344,-6.093500554561615
0.026588626205921173,-6.024901568889618
-0.0028030024841427803,-6.024901568889618
-0.019688766449689865,-6.093500554561615
0.0036945845931768417,-6.024901568889618
0.010620237328112125,-6.093500554561615
-0.00010944530367851257,-6.093500554561615
-0.053538769483566284,-6.093500554561615
-0.12192072719335556,-6.024901568889618
-0.1968126893043518,-6.093500554561615
-0.2473241090774536,-6.162099540233612
-0.28995099663734436,-6.093500554561615
-0.3025616407394409,-7.465478777885437
-0.2686176896095276,-7.465478777885437
-0.26432427763938904,-6.093500554561615
-0.36550450325012207,-6.024901568889618
-0.48640841245651245,-6.093500554561615
-0.5459408164024353,-7.465478777885437
-0.5679965615272522,-7.39687979221344
-0.6672001481056213,-7.465478777885437
-0.7880203723907471,-7.39687979221344
-0.8592649698257446,-7.465478777885437
-0.8802391290664673,-7.39687979221344
-0.9179248809814453,-7.465478777885437
-0.9965834021568298,-7.39687979221344
-1.0156482458114624,-7.39687979221344
-1.0054380893707275,-7.465478777885437
-1.030157446861267,-7.39687979221344
-1.067628264427185,-7.465478777885437
-1.0944583415985107,-7.465478777885437
-1.1199315786361694,-7.465478777885437
-1.1517531871795654,-7.39687979221344
-1.184875249862671,-7.465478777885437
-1.1935678720474243,-7.39687979221344
-1.1912859678268433,-7.39687979221344
-1.2242196798324585,-7.465478777885437
-1.2683759927749634,-7.465478777885437
-1.2986247539520264,-7.465478777885437
-1.2924221754074097,-7.39687979221344
-1.2663521766662598,-7.39687979221344
-1.3270893096923828,-7.465478777885437
-1.4404500722885132,-7.39687979221344
-1.5068647861480713,-7.39687979221344
-1.515244722366333,-7.39687979221344
-1.5767772197723389,-7.39687979221344
-1.716381311416626,-7.465478777885437
-1.8913532495498657,-7.39687979221344
-2.0763001441955566,-7.39687979221344
-2.2822227478027344,-7.39687979221344
-2.5815536975860596,-7.465478777885437
-2.9413764476776123,-7.39687979221344
-3.3022494316101074,-7.39687979221344
-3.627288579940796,-6.4364954829216
-3.9368958473205566,-6.4364954829216
