-15.0,-597.3155498504639
-15.0,-594.6733474731445
-15.0,-600.5417823791504
-15.0,-599.1776466369629
-15.0,-601.7759323120117
-15.0,-599.797534942627
-15.0,-599.9982833862305
-15.0,-599.7300148010254
-15.0,-597.016191482544
-15.0,-597.2723007202148
-15.0,-597.3155498504639
-15.0,-594.6733474731445
0.0,-0.7671132683753967
0.0,-1.0236524045467377
0.0,-0.7570461370050907
0.0,-0.4462839104235172
0.0,0.5868191830813885
0.0,2.9378337785601616
0.0,2.2825052961707115
0.0,1.5109380707144737
0.0,0.24556508287787437
0.0,0.4419339820742607
0.0,0.8466479368507862
0.0,2.0403333008289337
0.0,1.8820691853761673
0.0,2.03265268355608
0.0,2.397497557103634
0.0,0.6209695711731911
0.0,-0.04842686466872692
0.0,-1.060045976191759
0.0,0.3294114023447037
0.0,-0.8509024977684021
0.0,-1.8300428986549377
0.0,-3.276893123984337
0.0,-3.824732080101967
0.0,-2.823304384946823
0.0,-0.6904950365424156
0.0,-1.623484119772911
0.0,-1.3054420240223408
0.0,-0.6915476638823748
0.0,-1.2059548869729042
0.0,-1.0585229843854904
0.0,-0.5811706651002169
0.0,-0.37361960858106613
0.0,-0.4643132444471121
0.0,-1.622082106769085
0.0,-0.9805051609873772
0.0,-0.4205999430269003
0.0,-1.8540656194090843
0.0,-1.678028516471386
0.0,-0.4298632964491844
0.0,-0.381021061912179
0.0,-0.7983104325830936
0.0,0.059450045228004456
0.0,1.7885709181427956
0.0,2.101048268377781
0.0,1.4731580391526222
0.0,1.131382305175066
0.0,1.4867031946778297
0.0,1.1345750652253628
0.0,0.901823490858078
0.0,0.649125361815095
0.0,1.4699609950184822
0.0,2.1903999149799347
0.0,1.8921568989753723
0.0,1.1651068925857544
0.0,1.2182587757706642
0.0,-0.31966492533683777
0.0,0.30159405432641506
0.0,0.5368632730096579
0.0,0.9085789322853088
0.0,0.624243589118123
0.0,-0.8273569867014885
0.0,-1.2746728956699371
0.0,-0.5903592333197594
0.0,0.4048974718898535
0.0,-0.946330651640892
0.0,-1.3275670818984509
0.0,-2.2584954276680946
0.0,-2.426852472126484
0.0,-2.263370156288147
0.0,-3.8254745304584503
0.0,-3.8206905126571655
0.0,-2.9378004372119904
0.0,-2.3443499580025673
0.0,-2.8342420235276222
0.0,-3.5286664962768555
0.0,-3.6288604140281677
0.0,-2.5937318801879883
0.0,-3.214002400636673
0.0,-3.739280626177788
0.0,-3.193764016032219
0.0,-2.1778427064418793
0.0,-1.3726942241191864
0.0,-2.7823083102703094
0.0,-2.214057743549347
0.0,-1.182367093861103
0.0,0.19302451983094215
0.0,-0.22667371667921543
0.0,-0.07299839053303003
0.0,0.05625524208880961
0.0,0.5545254796743393
0.0,0.2053671283647418
0.0,-0.041033048182725906
0.0,-0.590016134083271
0.0,0.27053821831941605
0.0,0.43505793437361717
0.0,-0.21724579855799675
0.0,0.06509197410196066
0.0,-0.07421575719490647
0.0,-0.8064272813498974
0.0,-0.4564953036606312
0.0,-0.918680801987648
0.0,-0.5410377401858568
0.0,-0.4767111036926508
0.0,-1.1947143822908401
0.0,-0.4948803223669529
0.0,-0.6446225568652153
0.0,0.027596857398748398
0.0,-1.5056503936648369
0.0,-2.4271611124277115
0.0,-2.3063719272613525
0.0,-1.8001066520810127
0.0,-1.0419495403766632
0.0,0.04056831821799278
0.0,0.6431612186133862
0.0,1.8921451643109322
0.0,1.3721276074647903
0.0,1.8944820389151573
0.0,1.4889535494148731
0.0,0.8014475926756859
0.0,0.6429716013371944
0.0,-0.889584980905056
0.0,-0.25793667882680893
0.0,-2.1244265139102936
0.0,-1.1689333245158195
0.0,-0.7740397937595844
0.0,-1.648317277431488
0.0,-0.9855649434030056
0.0,-0.12488923966884613
0.0,-0.26426995173096657
0.0,-1.4108278788626194
0.0,-1.372066605836153
0.0,-0.622066343203187
0.0,-0.3957662731409073
0.0,-1.178128458559513
0.0,-1.048286259174347
0.0,0.22770948708057404
0.0,0.786153320223093
0.0,-0.15009338967502117
0.0,1.2184427119791508
0.0,0.27093240059912205
0.0,0.9657470509409904
0.0,0.18954346887767315
0.0,0.6304464302957058
0.0,0.5510194227099419
0.0,0.2789988648146391
0.0,1.399512868374586
0.0,2.6337310671806335
0.0,2.050233818590641
0.0,3.018740192055702
0.0,2.9991984367370605
30.0,2.3910658434033394
30.0,3.479360416531563
30.0,-1.5306338667869568
30.0,10.849083960056305
30.0,58.65989923477173
30.0,172.85332679748535
30.0,386.14957332611084
30.0,593.3212757110596
30.0,756.6831588745117
30.0,896.4914321899414
30.0,1010.4787826538086
30.0,1099.256992340088
30.0,1156.615924835205
30.0,1147.8496551513672
30.0,1145.2156066894531
30.0,1149.1164207458496
30.0,1148.7783432006836
30.0,1147.4599838256836
30.0,1146.5131759643555
30.0,1144.7928428649902
30.0,1141.8371200561523
30.0,1140.969181060791
30.0,1137.6883506774902
30.0,1137.0298385620117
30.0,1135.6348991394043
30.0,1132.6695442199707
30.0,1133.2568168640137
30.0,1129.655933380127
30.0,1130.3377151489258
30.0,1129.248046875
30.0,1127.664852142334
30.0,1127.4152755737305
30.0,1126.0046005249023
30.0,1127.187156677246
30.0,1124.354648590088
30.0,1125.1051902770996
30.0,1124.2324829101562
30.0,1124.3106842041016
30.0,1123.1761932373047
30.0,1122.584342956543
30.0,1123.2789993286133
30.0,1121.80757522583
30.0,1121.7721939086914
30.0,1122.9562759399414
30.0,1125.4158973693848
30.0,1124.7604370117188
30.0,1124.5660781860352
30.0,1123.7041473388672
30.0,1123.4566688537598
30.0,1124.6360778808594
30.0,1123.637580871582
30.0,1123.614501953125
30.0,1123.0377197265625
30.0,1124.5169639587402
30.0,1125.864315032959
30.0,1126.6729354858398
30.0,1127.8432846069336
30.0,1127.9197692871094
30.0,1126.8546104431152
30.0,1126.032543182373
30.0,1127.0912170410156
30.0,1125.7649421691895
30.0,1124.259090423584
30.0,1124.6532440185547
30.0,1124.6587753295898
30.0,1124.5497703552246
30.0,1123.872947692871
30.0,1123.6030578613281
30.0,1123.8158226013184
30.0,1124.0837097167969
30.0,1123.0653762817383
30.0,1122.6367950439453
30.0,1123.4296798706055
30.0,1122.1805572509766
30.0,1122.108554840088
30.0,1121.8676567077637
30.0,1121.6702461242676
30.0,1123.2803344726562
30.0,1124.702548980713
30.0,1123.2741355895996
30.0,1123.1402397155762
30.0,1124.2968559265137
30.0,1125.2876281738281
30.0,1125.5867004394531
30.0,1125.1015663146973
30.0,1124.776840209961
30.0,1124.3409156799316
30.0,1126.3129234313965
30.0,1128.4664154052734
30.0,1131.6482543945312
30.0,1132.1060180664062
30.0,1130.40771484375
30.0,1129.257869720459
30.0,1128.9827346801758
30.0,1129.3103218078613
30.0,1127.6826858520508
30.0,1128.4018516540527
30.0,1128.4283638000488
30.0,1127.3122787475586
30.0,1126.803207397461
30.0,1126.9803047180176
30.0,1126.796817779541
30.0,1127.0623207092285
30.0,1126.1621475219727
30.0,1125.672721862793
30.0,1126.0051727294922
30.0,1126.852798461914
30.0,1125.5001068115234
30.0,1125.1991271972656
30.0,1126.3529777526855
30.0,1125.0203132629395
30.0,1125.4799842834473
30.0,1126.3489723205566
30.0,1126.9885063171387
30.0,1126.5731811523438
30.0,1125.1996994018555
30.0,1124.3776321411133
30.0,1123.0854034423828
30.0,1121.9802856445312
30.0,1122.28422164917
30.0,1122.6794242858887
30.0,1122.2158432006836
30.0,1123.454761505127
30.0,1123.0754852294922
30.0,1124.4635581970215
30.0,1123.0056762695312
30.0,1123.1306076049805
30.0,1122.8608131408691
30.0,1122.9375839233398
30.0,1122.9507446289062
30.0,1122.4581718444824
30.0,1122.1972465515137
30.0,1122.6556777954102
30.0,1121.9276428222656
30.0,1121.8756675720215
30.0,1121.891212463379
30.0,1121.7442512512207
30.0,1122.4188804626465
30.0,1121.1176872253418
30.0,1120.2811241149902
30.0,1121.0813522338867
30.0,1121.4608192443848
30.0,1121.7461585998535
30.0,1123.1541633605957
30.0,1123.2765197753906
30.0,1123.0965614318848
30.0,1124.2852210998535
30.0,1123.958683013916
30.0,1123.6671447753906
30.0,1122.54638671875
-30.0,1122.3097801208496
-30.0,1121.4468002319336
-30.0,1103.1120300292969
-30.0,1023.4859466552734
-30.0,874.952220916748
-30.0,754.3330669403076
-30.0,613.636302947998
-30.0,446.5688228607178
-30.0,286.80384159088135
-30.0,124.62420463562012
-30.0,-71.4291512966156
-30.0,-277.96945571899414
-30.0,-421.00071907043457
-30.0,-601.4589786529541
-30.0,-755.9181690216064
-30.0,-930.2072525024414
-30.0,-1062.2671127319336
-30.0,-1139.5374298095703
-30.0,-1177.1432876586914
-30.0,-1187.1161460876465
-30.0,-1190.9031867980957
-30.0,-1196.177864074707
-30.0,-1163.2978439331055
-30.0,-1145.1408386230469
-30.0,-1157.9858779907227
-30.0,-1159.7214698791504
-30.0,-1171.184253692627
-30.0,-1172.5266456604004
-30.0,-1173.10152053833
-30.0,-1177.6520729064941
-30.0,-1178.1173706054688
-30.0,-1174.3797302246094
-30.0,-1180.6743621826172
-30.0,-1179.0742874145508
-30.0,-1180.6692123413086
-30.0,-1182.044792175293
-30.0,-1182.570743560791
-30.0,-1186.0137939453125
-30.0,-1186.058235168457
-30.0,-1184.4740867614746
-30.0,-1186.6771697998047
-30.0,-1185.1457595825195
-30.0,-1185.12601852417
-30.0,-1186.9966506958008
-30.0,-1185.7194900512695
-30.0,-1187.8957748413086
-30.0,-1187.5189781188965
-30.0,-1187.6849174499512
-30.0,-1189.758586883545
-30.0,-1188.619613647461
-30.0,-1189.4903182983398
-30.0,-1189.4429206848145
-30.0,-1189.5222663879395
-30.0,-1190.650749206543
-30.0,-1191.4220809936523
-30.0,-1191.0690307617188
-30.0,-1190.369987487793
-30.0,-1189.1596794128418
-30.0,-1189.1871452331543
-30.0,-1188.695240020752
-30.0,-1189.422607421875
-30.0,-1189.6203994750977
-30.0,-1190.0910377502441
-30.0,-1190.7276153564453
-30.0,-1189.4832611083984
-30.0,-1190.4541969299316
-30.0,-1190.6072616577148
-30.0,-1190.4298782348633
-30.0,-1190.9916877746582
-30.0,-1190.3459548950195
-30.0,-1190.841007232666
-30.0,-1191.1100387573242
-30.0,-1189.9969100952148
-30.0,-1191.3532257080078
-30.0,-1189.4987106323242
-30.0,-1188.752555847168
-30.0,-1189.80712890625
-30.0,-1189.834213256836
-30.0,-1190.36283493042
-30.0,-1190.6203269958496
-30.0,-1191.3674354553223
-30.0,-1189.6967887878418
-30.0,-1190.261459350586
-30.0,-1190.206527709961
-30.0,-1191.3521766662598
-30.0,-1190.971851348877
-30.0,-1192.352294921875
-30.0,-1193.1788444519043
-30.0,-1192.5561904907227
-30.0,-1191.7359352111816
-30.0,-1191.4694786071777
-30.0,-1191.76025390625
-30.0,-1191.7909622192383
-30.0,-1192.3843383789062
-30.0,-1192.2917366027832
-30.0,-1191.2830352783203
-30.0,-1190.9040451049805
-30.0,-1191.5141105651855
-30.0,-1190.717601776123
-30.0,-1189.0869140625
-30.0,-1188.4563446044922
-30.0,-1189.0209197998047
-30.0,-1189.2065048217773
-30.0,-1188.017463684082
-30.0,-1188.4167671203613
-30.0,-1188.4867668151855
-30.0,-1188.6541366577148
-30.0,-1187.939167022705
-30.0,-1188.6117935180664
-30.0,-1188.7737274169922
-30.0,-1188.1790161132812
-30.0,-1188.7045860290527
-30.0,-1189.22119140625
-30.0,-1188.579273223877
-30.0,-1188.6879920959473
-30.0,-1188.3123397827148
-30.0,-1189.6016120910645
-30.0,-1189.1630172729492
-30.0,-1189.531421661377
-30.0,-1188.9314651489258
-30.0,-1189.9311065673828
-30.0,-1190.3935432434082
-30.0,-1190.1091575622559
-30.0,-1189.9876594543457
-30.0,-1189.158535003662
-30.0,-1190.5717849731445
-30.0,-1190.8453941345215
-30.0,-1190.671157836914
-30.0,-1189.8841857910156
-30.0,-1190.4601097106934
-30.0,-1189.6472930908203
-30.0,-1189.6952629089355
-30.0,-1191.2309646606445
-30.0,-1192.439079284668
-30.0,-1191.3185119628906
-30.0,-1191.1370277404785
-30.0,-1191.7683601379395
-30.0,-1192.1311378479004
-30.0,-1192.1964645385742
-30.0,-1192.27933883667
-30.0,-1192.2283172607422
-30.0,-1191.8347358703613
-30.0,-1192.2292709350586
-30.0,-1192.8601264953613
-30.0,-1192.4050331115723
-30.0,-1192.6006317138672
-30.0,-1192.1932220458984
-30.0,-1192.3558235168457
-30.0,-1192.2697067260742
20.0,-1191.1691665649414
20.0,-1190.7215118408203
20.0,-1190.0068283081055
20.0,-1180.5018424987793
20.0,-1112.8073692321777
20.0,-1013.9430046081543
20.0,-858.6912155151367
20.0,-653.5004138946533
20.0,-400.59709548950195
20.0,-237.53368854522705
20.0,-50.68478584289551
20.0,126.3548731803894
20.0,297.6717710494995
20.0,544.356632232666
20.0,696.970796585083
20.0,782.9131603240967
20.0,761.0888481140137
20.0,800.3643989562988
20.0,839.3929481506348
20.0,839.7394180297852
20.0,836.5629196166992
20.0,810.0756645202637
20.0,857.3263168334961
20.0,857.3230743408203
20.0,853.7361145019531
20.0,853.4979820251465
20.0,844.3565368652344
20.0,839.919376373291
20.0,837.535285949707
20.0,829.0179252624512
20.0,828.5455703735352
20.0,825.0338554382324
20.0,818.0425643920898
20.0,816.932201385498
20.0,812.2035026550293
20.0,808.027458190918
20.0,806.1365127563477
20.0,801.948070526123
20.0,800.2206802368164
20.0,798.8719463348389
20.0,796.8911647796631
20.0,796.6226577758789
20.0,794.4924354553223
20.0,793.7433242797852
20.0,793.1832313537598
20.0,791.2637233734131
20.0,791.4644241333008
20.0,790.1101589202881
20.0,790.5993461608887
20.0,789.4880771636963
20.0,788.905143737793
20.0,788.6221885681152
20.0,788.4187698364258
20.0,788.9978408813477
20.0,787.847900390625
20.0,786.6720199584961
20.0,784.4082355499268
20.0,785.9251976013184
20.0,784.5970153808594
20.0,784.1280937194824
20.0,783.6910247802734
20.0,782.56516456604
20.0,781.9110870361328
20.0,781.8312168121338
20.0,781.441593170166
20.0,781.8655490875244
20.0,782.8763008117676
20.0,781.715202331543
20.0,781.5228939056396
20.0,782.3935985565186
20.0,780.6695938110352
20.0,780.842924118042
20.0,782.7598094940186
20.0,781.506872177124
20.0,781.3323020935059
20.0,781.6650390625
20.0,781.1946392059326
20.0,780.8110237121582
20.0,780.8662414550781
20.0,780.5723190307617
20.0,780.8566093444824
20.0,781.2634468078613
20.0,780.50856590271
20.0,781.1203002929688
20.0,780.8807373046875
20.0,780.9492111206055
20.0,780.4683685302734
20.0,780.5041313171387
20.0,780.6486129760742
20.0,780.7951927185059
20.0,780.3791999816895
20.0,781.1349391937256
20.0,780.3803443908691
20.0,780.7631492614746
20.0,781.6110134124756
20.0,783.05344581604
20.0,783.656120300293
20.0,784.540319442749
20.0,784.2906951904297
20.0,785.4036331176758
20.0,784.4897747039795
20.0,783.8772773742676
20.0,783.0928802490234
20.0,783.0453872680664
20.0,784.1505527496338
20.0,783.5967063903809
20.0,783.3247184753418
20.0,783.7970733642578
20.0,783.735466003418
20.0,783.6021423339844
20.0,783.9484691619873
20.0,784.279727935791
20.0,783.4125518798828
20.0,784.6657752990723
20.0,784.6818923950195
20.0,785.7896327972412
20.0,785.4519844055176
20.0,784.9180221557617
20.0,784.9313735961914
20.0,785.5422019958496
20.0,785.8301162719727
20.0,785.3610992431641
20.0,784.5421314239502
20.0,782.7955722808838
20.0,783.600664138794
20.0,783.3135604858398
20.0,784.6988677978516
20.0,784.1509819030762
20.0,784.0502262115479
20.0,783.5704326629639
20.0,783.0843925476074
20.0,785.1409912109375
20.0,784.6678256988525
20.0,785.037088394165
20.0,784.4847679138184
20.0,784.9997043609619
20.0,785.4466438293457
20.0,784.2885971069336
20.0,783.8399410247803
20.0,784.5423221588135
20.0,785.3050708770752
20.0,784.9395751953125
20.0,785.5462551116943
20.0,784.0872287750244
20.0,783.2355499267578
20.0,782.8112125396729
20.0,783.7332725524902
20.0,783.7543487548828
20.0,785.2626800537109
20.0,784.5662593841553
-20.0,784.5206260681152
-20.0,786.2770080566406
-20.0,755.6705474853516
-20.0,666.4580821990967
-20.0,512.3265266418457
-20.0,361.1295700073242
-20.0,205.56063652038574
-20.0,35.373666882514954
-20.0,-123.70568513870239
-20.0,-307.0334196090698
-20.0,-501.6439914703369
-20.0,-654.082727432251
-20.0,-753.9674282073975
-20.0,-863.7964248657227
-20.0,-908.9205741882324
-20.0,-869.7680473327637
-20.0,-764.6716117858887
-20.0,-718.9792633056641
-20.0,-736.2705707550049
-20.0,-692.4751281738281
-20.0,-704.4939041137695
-20.0,-742.1245574951172
-20.0,-744.3122863769531
-20.0,-768.1719779968262
-20.0,-750.4249572753906
-20.0,-737.3457908630371
-20.0,-737.1490001678467
-20.0,-754.1565418243408
-20.0,-763.7752056121826
-20.0,-765.5989170074463
-20.0,-770.2286720275879
-20.0,-769.3610191345215
-20.0,-765.1905536651611
-20.0,-771.558141708374
-20.0,-774.4104385375977
-20.0,-780.9626579284668
-20.0,-787.1631145477295
-20.0,-787.3392581939697
-20.0,-793.0282115936279
-20.0,-794.0306186676025
-20.0,-794.2915439605713
-20.0,-797.1420288085938
-20.0,-797.5057125091553
-20.0,-796.6719627380371
-20.0,-799.3456840515137
-20.0,-798.6621379852295
-20.0,-800.1871109008789
-20.0,-802.1723747253418
-20.0,-803.0721664428711
-20.0,-805.5835723876953
-20.0,-806.4348220825195
-20.0,-807.0612907409668
-20.0,-807.4553489685059
-20.0,-805.9615135192871
-20.0,-807.2117805480957
-20.0,-808.3939552307129
-20.0,-807.4533462524414
-20.0,-808.3013534545898
-20.0,-809.213924407959
-20.0,-809.5680236816406
-20.0,-808.4762573242188
-20.0,-807.5468063354492
-20.0,-809.019660949707
-20.0,-809.7204208374023
-20.0,-811.6024971008301
-20.0,-811.8997573852539
-20.0,-813.3205413818359
-20.0,-813.5781288146973
-20.0,-812.2032165527344
-20.0,-811.9568824768066
-20.0,-810.5489730834961
-20.0,-810.2069854736328
-20.0,-811.1767768859863
-20.0,-810.2329254150391
-20.0,-809.9431991577148
-20.0,-809.7204208374023
-20.0,-810.6609344482422
-20.0,-810.694408416748
-20.0,-810.9744071960449
-20.0,-811.2870216369629
-20.0,-810.5027198791504
-20.0,-810.8953475952148
-20.0,-812.8583908081055
-20.0,-812.1419906616211
-20.0,-811.8135452270508
-20.0,-813.7826919555664
-20.0,-814.1700744628906
-20.0,-814.0714645385742
-20.0,-814.1674041748047
-20.0,-812.8435134887695
-20.0,-813.1836891174316
-20.0,-813.3744239807129
-20.0,-812.6251220703125
-20.0,-811.539363861084
-20.0,-811.6449356079102
-20.0,-812.1519088745117
-20.0,-812.1720314025879
-20.0,-811.3655090332031
-20.0,-812.2469902038574
-20.0,-812.7124786376953
-20.0,-811.3258361816406
-20.0,-810.724925994873
-20.0,-811.3799095153809
-20.0,-810.6301307678223
-20.0,-809.8875045776367
-20.0,-808.5657119750977
-20.0,-808.821964263916
-20.0,-810.1398468017578
-20.0,-810.716724395752
-20.0,-811.2650871276855
-20.0,-812.193775177002
-20.0,-814.0380859375
-20.0,-814.6247863769531
-20.0,-814.8605346679688
-20.0,-814.0360832214355
-20.0,-813.3394241333008
-20.0,-813.4387969970703
-20.0,-812.730598449707
-20.0,-812.5429153442383
-20.0,-813.1137847900391
-20.0,-813.6374473571777
-20.0,-813.5716438293457
-20.0,-813.2514953613281
-20.0,-813.0516052246094
-20.0,-812.4402046203613
-20.0,-811.8356704711914
-20.0,-810.0663185119629
-20.0,-810.1203918457031
-20.0,-811.0941886901855
-20.0,-810.1871490478516
-20.0,-810.3285789489746
-20.0,-810.3240966796875
-20.0,-810.0749015808105
-20.0,-810.9172821044922
-20.0,-811.8206977844238
-20.0,-811.2063407897949
-20.0,-810.1869583129883
-20.0,-810.4511260986328
-20.0,-810.2311134338379
-20.0,-810.5892181396484
-20.0,-809.868335723877
-20.0,-809.7672462463379
-20.0,-810.2621078491211
-20.0,-809.3454360961914
-20.0,-809.8163604736328
-20.0,-810.4324340820312
-20.0,-809.6997261047363
-20.0,-809.842586517334
-20.0,-809.6225738525391
-20.0,-810.9565734863281
15.0,-811.9837760925293
15.0,-814.0703201293945
15.0,-810.6353759765625
15.0,-785.5567455291748
15.0,-721.9774723052979
15.0,-618.6261177062988
15.0,-440.97819328308105
15.0,-227.82390117645264
15.0,38.356608152389526
15.0,214.72930908203125
15.0,338.4272813796997
15.0,564.8341178894043
15.0,638.5788440704346
15.0,617.7431106567383
15.0,626.2640476226807
15.0,635.6995582580566
15.0,633.9694976806641
15.0,629.325008392334
15.0,630.1121234893799
15.0,619.511604309082
15.0,613.4429454803467
15.0,606.9931030273438
15.0,600.5685806274414
15.0,596.5013980865479
15.0,590.813398361206
15.0,587.8000736236572
15.0,582.8925609588623
15.0,579.6811103820801
15.0,578.6177158355713
15.0,576.0863304138184
15.0,574.8403549194336
15.0,573.2643604278564
15.0,572.7407455444336
15.0,571.0730075836182
15.0,570.1313018798828
15.0,569.0830707550049
15.0,569.7383880615234
15.0,569.5758819580078
15.0,568.4914112091064
15.0,567.0373916625977
15.0,566.779899597168
15.0,566.9466972351074
15.0,565.9217357635498
15.0,565.6988143920898
15.0,564.7136211395264
15.0,564.8999691009521
15.0,564.2966270446777
15.0,564.4250392913818
15.0,565.7933712005615
15.0,565.8081531524658
15.0,563.2102012634277
15.0,562.9116535186768
15.0,562.0016098022461
15.0,562.535572052002
15.0,562.5251770019531
15.0,563.5528087615967
15.0,563.1285190582275
15.0,564.051342010498
15.0,563.6178493499756
15.0,563.9983177185059
15.0,563.7467384338379
15.0,563.2818222045898
15.0,563.3106708526611
15.0,563.1809234619141
15.0,563.114595413208
15.0,563.2431983947754
15.0,563.1485462188721
15.0,563.8199806213379
15.0,564.5160675048828
15.0,566.325855255127
15.0,564.7900581359863
15.0,565.5345916748047
15.0,566.0805225372314
15.0,565.8001899719238
15.0,566.1439895629883
15.0,566.7965412139893
15.0,566.3960456848145
15.0,565.776252746582
15.0,566.7512893676758
15.0,566.9558048248291
15.0,566.490364074707
15.0,565.8398628234863
15.0,564.5684242248535
15.0,564.3223762512207
15.0,563.1336688995361
15.0,563.0850315093994
15.0,562.8178119659424
15.0,562.7643585205078
15.0,563.1446838378906
15.0,563.7248039245605
15.0,562.8115177154541
15.0,562.4329090118408
15.0,561.9011402130127
15.0,561.870813369751
15.0,563.0770683288574
15.0,563.5733604431152
15.0,564.5462989807129
15.0,563.1693363189697
15.0,562.2976779937744
15.0,562.9414558410645
15.0,562.5000476837158
15.0,562.103796005249
15.0,563.2143497467041
15.0,560.6739044189453
15.0,561.1239433288574
15.0,560.5958938598633
15.0,561.453104019165
15.0,562.4309539794922
15.0,560.99534034729
15.0,561.5109920501709
15.0,561.4787101745605
15.0,561.9460582733154
15.0,560.1337432861328
15.0,561.3145351409912
15.0,561.9336605072021
15.0,562.0874404907227
15.0,562.3737335205078
15.0,560.8888626098633
15.0,560.8054637908936
15.0,561.4590644836426
15.0,560.547399520874
15.0,560.7146739959717
15.0,561.3556861877441
15.0,561.6877555847168
15.0,560.9368801116943
15.0,560.6684684753418
15.0,562.0444297790527
15.0,561.7706298828125
15.0,561.1533641815186
15.0,560.5844020843506
15.0,560.9375
15.0,561.2716674804688
15.0,560.9057903289795
15.0,561.7514133453369
15.0,561.6883754730225
15.0,560.2244853973389
15.0,559.8036289215088
15.0,559.4479084014893
15.0,559.0629577636719
15.0,560.1771354675293
15.0,559.1375827789307
15.0,559.6004962921143
15.0,560.6759548187256
15.0,560.8880519866943
15.0,561.8863105773926
15.0,561.6326332092285
15.0,562.1694087982178
15.0,562.3766899108887
15.0,562.3127937316895
15.0,563.228702545166
-15.0,563.4217262268066
-15.0,567.0560359954834
-15.0,550.6824016571045
-15.0,458.7632179260254
-15.0,310.31150817871094
-15.0,169.03399229049683
-15.0,-2.9808729887008667
-15.0,-198.91990423202515
-15.0,-381.1500072479248
-15.0,-513.0768299102783
-15.0,-605.0876140594482
-15.0,-614.4959926605225
-15.0,-583.6008071899414
-15.0,-564.0544891357422
-15.0,-588.1016254425049
-15.0,-602.4017333984375
-15.0,-558.6502552032471
-15.0,-519.4479465484619
-15.0,-543.1084632873535
-15.0,-545.9422588348389
-15.0,-529.088830947876
-15.0,-556.1377048492432
-15.0,-561.4055633544922
-15.0,-569.0617561340332
-15.0,-581.1456203460693
-15.0,-577.742862701416
-15.0,-588.1377220153809
-15.0,-592.4698829650879
-15.0,-591.7366027832031
-15.0,-597.7743148803711
-15.0,-598.8594055175781
-15.0,-593.4685707092285
-15.0,-598.7823963165283
-15.0,-599.4058132171631
-15.0,-599.1978645324707
-15.0,-602.1692752838135
-15.0,-601.4532089233398
-15.0,-605.2402496337891
-15.0,-606.3599109649658
-15.0,-605.1206111907959
-15.0,-608.4494113922119
-15.0,-608.0434799194336
-15.0,-606.3453197479248
-15.0,-607.7502727508545
-15.0,-607.935094833374
-15.0,-609.1476440429688
-15.0,-609.9647045135498
-15.0,-610.1413249969482
-15.0,-611.2316608428955
-15.0,-610.172176361084
-15.0,-609.7110271453857
-15.0,-611.5368843078613
-15.0,-610.6929302215576
-15.0,-611.6534233093262
-15.0,-612.1528625488281
-15.0,-611.6531848907471
-15.0,-609.7026824951172
-15.0,-609.3137264251709
-15.0,-610.4106426239014
-15.0,-610.2222919464111
-15.0,-610.3408813476562
-15.0,-610.416316986084
-15.0,-610.4313373565674
-15.0,-609.7838401794434
-15.0,-610.7880592346191
-15.0,-610.3953838348389
-15.0,-610.865306854248
-15.0,-609.9715232849121
-15.0,-610.285758972168
-15.0,-611.1098766326904
-15.0,-612.3792171478271
-15.0,-611.8146419525146
-15.0,-611.2652778625488
-15.0,-611.6402626037598
-15.0,-612.1566772460938
-15.0,-610.6184005737305
-15.0,-611.0519409179688
-15.0,-611.5353584289551
-15.0,-611.7449760437012
-15.0,-610.9220027923584
-15.0,-610.8758926391602
-15.0,-610.1398468017578
-15.0,-608.9058876037598
-15.0,-609.4831466674805
-15.0,-609.5667362213135
-15.0,-609.6001625061035
-15.0,-610.9119415283203
-15.0,-611.0384464263916
-15.0,-611.6260051727295
-15.0,-612.0425224304199
-15.0,-612.4268531799316
-15.0,-613.0407810211182
-15.0,-613.7809753417969
-15.0,-612.3225212097168
-15.0,-610.9499931335449
-15.0,-611.2204074859619
-15.0,-611.836051940918
-15.0,-611.3211631774902
-15.0,-609.9716663360596
-15.0,-609.1700553894043
-15.0,-610.003662109375
-15.0,-610.7484817504883
-15.0,-610.7027530670166
-15.0,-610.2550983428955
-15.0,-611.6329193115234
-15.0,-611.9515895843506
-15.0,-611.4413261413574
-15.0,-610.6128215789795
-15.0,-611.2617492675781
-15.0,-610.8705997467041
-15.0,-610.8659744262695
-15.0,-610.3057384490967
-15.0,-609.9871635437012
-15.0,-608.8072776794434
-15.0,-610.1352214813232
-15.0,-610.3222370147705
-15.0,-611.545991897583
-15.0,-612.033748626709
-15.0,-611.3828659057617
-15.0,-611.5854740142822
-15.0,-610.8477115631104
-15.0,-611.827564239502
-15.0,-611.5251541137695
-15.0,-610.6873035430908
-15.0,-610.503625869751
-15.0,-610.3912353515625
-15.0,-610.8736038208008
-15.0,-610.8283519744873
-15.0,-611.4943504333496
-15.0,-611.4827632904053
-15.0,-611.1766815185547
-15.0,-610.3676319122314
-15.0,-611.6271018981934
-15.0,-611.8941783905029
-15.0,-612.4289512634277
-15.0,-612.1249675750732
-15.0,-611.3685607910156
-15.0,-611.7968559265137
-15.0,-610.7275009155273
-15.0,-610.7917308807373
-15.0,-610.9169483184814
-15.0,-611.8256092071533
-15.0,-610.9143733978271
-15.0,-610.7655048370361
-15.0,-610.8554840087891
-15.0,-612.6858234405518
-15.0,-612.5134468078613
-15.0,-612.0645523071289
-15.0,-612.3796463012695
-15.0,-610.7640743255615
10.0,-611.0357284545898
10.0,-613.4324073791504
10.0,-609.7352027893066
10.0,-586.1315250396729
10.0,-543.0966377258301
10.0,-437.9014015197754
10.0,-260.4512929916382
10.0,-33.51457118988037
10.0,207.28683471679688
10.0,343.6143159866333
10.0,341.90077781677246
10.0,370.11194229125977
10.0,414.1538619995117
10.0,488.01794052124023
10.0,479.8859119415283
10.0,422.8574275970459
10.0,457.41076469421387
10.0,539.8514270782471
10.0,555.6791305541992
10.0,507.60202407836914
10.0,515.3855800628662
10.0,494.10576820373535
10.0,469.1516399383545
10.0,464.45465087890625
10.0,473.39348793029785
10.0,466.27440452575684
10.0,466.63031578063965
10.0,469.07291412353516
10.0,454.39743995666504
10.0,453.4367561340332
10.0,448.2581615447998
10.0,439.57371711730957
10.0,435.9100341796875
10.0,428.44109535217285
10.0,423.88033866882324
10.0,422.3475456237793
10.0,418.9366340637207
10.0,417.61345863342285
10.0,413.74974250793457
10.0,412.2493267059326
10.0,410.3262424468994
10.0,409.8024845123291
10.0,408.7272644042969
10.0,407.3254108428955
10.0,407.4012756347656
10.0,405.61041831970215
10.0,404.28147315979004
10.0,402.4009704589844
10.0,400.78296661376953
10.0,399.4922161102295
10.0,399.89731311798096
10.0,399.8307943344116
10.0,398.5037088394165
10.0,398.68574142456055
10.0,397.1824884414673
10.0,397.4621295928955
10.0,397.8475093841553
10.0,398.10214042663574
10.0,398.20075035095215
10.0,398.4546184539795
10.0,398.40383529663086
10.0,398.1236934661865
10.0,397.75142669677734
10.0,397.9499101638794
10.0,397.02954292297363
10.0,396.6517210006714
10.0,394.8232650756836
10.0,395.3388214111328
10.0,394.7842836380005
10.0,394.21422481536865
10.0,393.5089588165283
10.0,394.6493625640869
10.0,394.3791389465332
10.0,394.33631896972656
10.0,394.2730903625488
10.0,395.9524631500244
10.0,395.53582668304443
10.0,396.31900787353516
10.0,397.45593070983887
10.0,397.4472761154175
10.0,396.15046977996826
10.0,396.21238708496094
10.0,395.37649154663086
10.0,395.86098194122314
10.0,396.08094692230225
10.0,396.4813709259033
10.0,396.0774898529053
10.0,394.41494941711426
10.0,394.4713830947876
10.0,394.1179037094116
10.0,393.6854362487793
10.0,393.60857009887695
10.0,393.4663772583008
10.0,393.5850143432617
10.0,394.13952827453613
10.0,394.0657138824463
10.0,394.65768337249756
10.0,396.03443145751953
10.0,395.6902027130127
10.0,396.3313817977905
10.0,397.62187004089355
10.0,397.91696071624756
10.0,397.733998298645
10.0,398.3048915863037
10.0,399.52356815338135
10.0,399.13415908813477
10.0,397.56197929382324
10.0,396.5991020202637
10.0,395.98538875579834
10.0,395.5836296081543
10.0,395.53091526031494
10.0,395.9733486175537
10.0,396.92842960357666
10.0,395.7773447036743
10.0,396.0710048675537
10.0,394.9880599975586
10.0,394.74356174468994
10.0,394.9259042739868
10.0,394.88682746887207
10.0,394.7512149810791
10.0,395.49012184143066
10.0,395.8583116531372
10.0,397.0525026321411
10.0,396.36757373809814
10.0,395.85392475128174
10.0,395.3446865081787
10.0,394.539475440979
10.0,393.34471225738525
10.0,394.37170028686523
10.0,394.169282913208
10.0,393.888521194458
10.0,393.5488700866699
10.0,394.04499530792236
10.0,392.77796745300293
10.0,392.3274517059326
10.0,392.08147525787354
10.0,391.5034294128418
10.0,391.6327714920044
10.0,392.3919677734375
10.0,391.9426441192627
10.0,392.78724193573
10.0,393.88978481292725
10.0,393.1070327758789
10.0,393.760347366333
10.0,393.0022954940796
10.0,393.1208372116089
10.0,392.8166151046753
10.0,391.7530298233032
10.0,391.46342277526855
10.0,392.93220043182373
-10.0,392.77265071868896
-10.0,395.1758623123169
-10.0,372.1017122268677
-10.0,278.26881408691406
-10.0,148.79921674728394
-10.0,19.349801540374756
-10.0,-141.75961017608643
-10.0,-285.6075048446655
-10.0,-371.6709852218628
-10.0,-412.8942012786865
-10.0,-442.7558898925781
-10.0,-457.8062057495117
-10.0,-457.6502323150635
-10.0,-462.02659606933594
-10.0,-455.00144958496094
-10.0,-454.3804168701172
-10.0,-448.68311882019043
-10.0,-447.22652435302734
-10.0,-444.0711975097656
-10.0,-442.36912727355957
-10.0,-442.3044204711914
-10.0,-439.5256996154785
-10.0,-439.0355587005615
-10.0,-437.8857612609863
-10.0,-435.64133644104004
-10.0,-434.6961975097656
-10.0,-433.78329277038574
-10.0,-433.54177474975586
-10.0,-432.21802711486816
-10.0,-431.3639163970947
-10.0,-431.49704933166504
-10.0,-430.7872772216797
-10.0,-429.61297035217285
-10.0,-429.8525810241699
-10.0,-428.59625816345215
-10.0,-427.4723529815674
-10.0,-427.8346061706543
-10.0,-427.69527435302734
-10.0,-427.02670097351074
-10.0,-427.06475257873535
-10.0,-429.06932830810547
-10.0,-427.9755115509033
-10.0,-428.04298400878906
-10.0,-427.3249626159668
-10.0,-425.68955421447754
-10.0,-425.7354259490967
-10.0,-426.38111114501953
-10.0,-427.1590232849121
-10.0,-425.8241653442383
-10.0,-425.323486328125
-10.0,-425.4378318786621
-10.0,-425.1502513885498
-10.0,-424.6993064880371
-10.0,-425.48556327819824
-10.0,-425.1204013824463
-10.0,-426.0016918182373
-10.0,-425.6401062011719
-10.0,-424.9814033508301
-10.0,-423.1858253479004
-10.0,-422.9083061218262
-10.0,-422.7376937866211
-10.0,-422.1400737762451
-10.0,-423.0811595916748
-10.0,-422.82209396362305
-10.0,-423.22683334350586
-10.0,-422.8029251098633
-10.0,-423.12755584716797
-10.0,-422.4928855895996
-10.0,-422.987699508667
-10.0,-421.7473030090332
-10.0,-422.28636741638184
-10.0,-422.0100402832031
-10.0,-421.9795227050781
-10.0,-422.43595123291016
-10.0,-421.3864803314209
-10.0,-421.2524890899658
-10.0,-421.8142032623291
-10.0,-421.256160736084
-10.0,-421.6750144958496
-10.0,-420.2226161956787
-10.0,-420.2845573425293
-10.0,-420.81594467163086
-10.0,-421.91691398620605
-10.0,-422.99461364746094
-10.0,-423.8363742828369
-10.0,-425.0768184661865
-10.0,-424.2156982421875
-10.0,-424.9025344848633
-10.0,-424.93019104003906
-10.0,-424.19018745422363
-10.0,-423.763370513916
-10.0,-424.33085441589355
-10.0,-424.2948055267334
-10.0,-422.40304946899414
-10.0,-422.91369438171387
-10.0,-422.09110260009766
-10.0,-422.4503993988037
-10.0,-421.84414863586426
-10.0,-421.1729049682617
-10.0,-420.23372650146484
-10.0,-421.0247039794922
-10.0,-422.2425937652588
-10.0,-422.62096405029297
-10.0,-424.3827819824219
-10.0,-424.8558044433594
-10.0,-424.2312431335449
-10.0,-423.5008239746094
-10.0,-421.63867950439453
-10.0,-422.2035884857178
-10.0,-419.11096572875977
-10.0,-420.56355476379395
-10.0,-422.8043556213379
-10.0,-422.9072093963623
-10.0,-426.1584281921387
-10.0,-426.1795997619629
-10.0,-424.56254959106445
-10.0,-424.798583984375
-10.0,-424.52759742736816
-10.0,-424.2323398590088
-10.0,-424.08056259155273
-10.0,-423.3476161956787
-10.0,-422.65753746032715
-10.0,-421.9459056854248
-10.0,-422.37701416015625
-10.0,-422.829008102417
-10.0,-423.0384349822998
-10.0,-422.2325325012207
-10.0,-422.0308303833008
-10.0,-422.1771240234375
-10.0,-421.7521667480469
-10.0,-422.7686882019043
-10.0,-422.18241691589355
-10.0,-422.17111587524414
-10.0,-422.23100662231445
-10.0,-422.70984649658203
-10.0,-423.58484268188477
-10.0,-425.0105857849121
-10.0,-424.9989986419678
-10.0,-423.46601486206055
-10.0,-423.88787269592285
-10.0,-423.00825119018555
-10.0,-422.48144149780273
-10.0,-423.37427139282227
-10.0,-422.6954460144043
-10.0,-423.70924949645996
-10.0,-423.4112739562988
-10.0,-423.90785217285156
-10.0,-422.58520126342773
-10.0,-422.53785133361816
-10.0,-423.13084602355957
5.0,-424.0279197692871
5.0,-424.4544506072998
5.0,-422.57633209228516
5.0,-405.8522701263428
5.0,-377.6571035385132
5.0,-278.09433937072754
5.0,-103.02084684371948
5.0,17.033779621124268
5.0,113.17815780639648
5.0,41.58335030078888
5.0,67.44811534881592
5.0,119.71157789230347
5.0,175.9637713432312
5.0,200.83317756652832
5.0,198.2732057571411
5.0,163.77195119857788
5.0,174.66696500778198
5.0,181.55441284179688
5.0,155.9541940689087
5.0,149.8583436012268
5.0,141.473126411438
5.0,144.46418285369873
5.0,143.53433847427368
5.0,156.48447275161743
5.0,155.66409826278687
5.0,158.25552940368652
5.0,167.2818422317505
5.0,166.52268171310425
5.0,171.5997815132141
5.0,181.66429996490479
5.0,179.21299934387207
5.0,185.0839138031006
5.0,186.32267713546753
5.0,182.73539543151855
5.0,184.40067768096924
5.0,181.54034614562988
5.0,180.4698944091797
5.0,181.56006336212158
5.0,182.48791694641113
5.0,184.43485498428345
5.0,184.0482234954834
5.0,184.01583433151245
5.0,185.45016050338745
5.0,185.80926656723022
5.0,185.68346500396729
5.0,184.53516960144043
5.0,185.16815900802612
5.0,184.68643426895142
5.0,186.31337881088257
5.0,186.82701587677002
5.0,186.85191869735718
5.0,187.727689743042
5.0,188.66270780563354
5.0,189.24802541732788
5.0,189.52264785766602
5.0,189.21799659729004
5.0,189.1653299331665
5.0,188.61945867538452
5.0,188.11650276184082
5.0,187.74425983428955
5.0,188.50860595703125
5.0,188.09581995010376
5.0,188.27072381973267
5.0,187.8866195678711
5.0,187.54252195358276
5.0,187.8688097000122
5.0,187.39941120147705
5.0,187.24156618118286
5.0,187.92325258255005
5.0,189.37666416168213
5.0,188.74664306640625
5.0,189.0590786933899
5.0,188.98122310638428
5.0,189.2484188079834
5.0,189.83741998672485
5.0,188.89585733413696
5.0,188.7086033821106
5.0,188.78235816955566
5.0,188.6067032814026
5.0,189.70516920089722
5.0,189.52995538711548
5.0,190.00777006149292
5.0,188.00023794174194
5.0,189.17657136917114
5.0,188.08488845825195
5.0,188.8615846633911
5.0,188.62693309783936
5.0,188.7736201286316
5.0,187.74465322494507
5.0,187.33664751052856
5.0,187.68223524093628
5.0,187.76568174362183
5.0,188.101065158844
5.0,188.74728679656982
5.0,189.662766456604
5.0,190.2321696281433
5.0,188.43438625335693
5.0,188.17553520202637
5.0,187.8841519355774
5.0,187.19600439071655
5.0,186.49024963378906
5.0,186.73003911972046
5.0,186.34525537490845
5.0,186.79076433181763
5.0,186.99783086776733
5.0,187.70676851272583
5.0,187.5808835029602
5.0,186.78189516067505
5.0,186.122465133667
5.0,186.78996562957764
5.0,186.86552047729492
5.0,187.0704174041748
5.0,186.4240288734436
5.0,186.58533096313477
5.0,185.84752082824707
5.0,185.3426218032837
5.0,185.36819219589233
5.0,185.9142541885376
5.0,186.68227195739746
5.0,187.0411992073059
5.0,188.6109709739685
5.0,188.5768175125122
5.0,189.91646766662598
5.0,190.7332420349121
5.0,190.24585485458374
5.0,190.46541452407837
5.0,190.6301498413086
5.0,190.98550081253052
5.0,191.53977632522583
5.0,190.4494047164917
5.0,191.30624532699585
5.0,191.65960550308228
5.0,192.36234426498413
5.0,192.6432490348816
5.0,191.57512187957764
5.0,191.2967562675476
5.0,190.01330137252808
5.0,188.63312005996704
5.0,188.27062845230103
5.0,187.72372007369995
5.0,188.28513622283936
5.0,188.35899829864502
5.0,188.8228178024292
5.0,189.21812772750854
5.0,190.80039262771606
5.0,189.6077036857605
5.0,189.3060326576233
5.0,187.82529830932617
5.0,187.61824369430542
5.0,187.40330934524536
-5.0,188.25113773345947
-5.0,189.28388357162476
-5.0,166.48540496826172
-5.0,75.89724063873291
-5.0,-49.40914809703827
-5.0,-120.21420001983643
-5.0,-169.94367837905884
-5.0,-216.20635986328125
-5.0,-262.4717712402344
-5.0,-254.43520545959473
-5.0,-242.24700927734375
-5.0,-254.14226055145264
-5.0,-255.8345079421997
-5.0,-251.71411037445068
-5.0,-257.15882778167725
-5.0,-249.02594089508057
-5.0,-252.03044414520264
-5.0,-255.9537410736084
-5.0,-247.7489471435547
-5.0,-250.92768669128418
-5.0,-249.29053783416748
-5.0,-243.31669807434082
-5.0,-243.13085079193115
-5.0,-240.124773979187
-5.0,-234.90114212036133
-5.0,-235.98921298980713
-5.0,-233.26616287231445
-5.0,-235.54387092590332
-5.0,-236.29872798919678
-5.0,-233.04319381713867
-5.0,-235.40749549865723
-5.0,-234.96224880218506
-5.0,-232.77711868286133
-5.0,-231.85768127441406
-5.0,-230.6079626083374
-5.0,-230.80787658691406
-5.0,-229.6349048614502
-5.0,-229.06079292297363
-5.0,-228.9942741394043
-5.0,-228.22933197021484
-5.0,-229.03766632080078
-5.0,-228.36790084838867
-5.0,-227.18462944030762
-5.0,-226.61283016204834
-5.0,-227.6977777481079
-5.0,-227.65188217163086
-5.0,-227.27429866790771
-5.0,-228.17308902740479
-5.0,-227.26998329162598
-5.0,-227.8743028640747
-5.0,-226.90565586090088
-5.0,-226.50377750396729
-5.0,-227.76973247528076
-5.0,-227.82940864562988
-5.0,-227.8916597366333
-5.0,-228.0493974685669
-5.0,-228.39269638061523
-5.0,-226.94311141967773
-5.0,-228.23057174682617
-5.0,-227.72369384765625
-5.0,-226.98192596435547
-5.0,-226.69408321380615
-5.0,-227.27899551391602
-5.0,-227.85191535949707
-5.0,-227.70633697509766
-5.0,-226.16643905639648
-5.0,-226.3310194015503
-5.0,-225.9455680847168
-5.0,-226.89950466156006
-5.0,-227.25679874420166
-5.0,-227.12409496307373
-5.0,-227.25458145141602
-5.0,-226.04105472564697
-5.0,-227.36260890960693
-5.0,-227.73754596710205
-5.0,-227.72395610809326
-5.0,-226.9460678100586
-5.0,-227.04925537109375
-5.0,-227.6904821395874
-5.0,-227.5104522705078
-5.0,-227.98566818237305
-5.0,-227.7904748916626
-5.0,-227.41467952728271
-5.0,-227.21853256225586
-5.0,-227.4188995361328
-5.0,-227.2803783416748
-5.0,-227.00777053833008
-5.0,-226.91888809204102
-5.0,-226.21746063232422
-5.0,-227.84383296966553
-5.0,-227.51798629760742
-5.0,-225.96049308776855
-5.0,-225.0760316848755
-5.0,-225.91333389282227
-5.0,-226.61795616149902
-5.0,-226.29647254943848
-5.0,-225.52118301391602
-5.0,-225.3016471862793
-5.0,-225.08859634399414
-5.0,-224.37522411346436
-5.0,-223.71139526367188
-5.0,-223.34542274475098
-5.0,-223.28495979309082
-5.0,-223.8272190093994
-5.0,-223.8534688949585
-5.0,-222.7327585220337
-5.0,-223.98948669433594
-5.0,-223.58717918395996
-5.0,-224.47810173034668
-5.0,-223.5057830810547
-5.0,-225.3523588180542
-5.0,-224.8814582824707
-5.0,-225.48658847808838
-5.0,-226.47709846496582
-5.0,-227.94580459594727
-5.0,-227.37154960632324
-5.0,-227.2988796234131
-5.0,-226.7242670059204
-5.0,-227.3179292678833
-5.0,-226.54008865356445
-5.0,-226.48203372955322
-5.0,-225.65717697143555
-5.0,-226.3512372970581
-5.0,-225.35195350646973
-5.0,-225.95815658569336
-5.0,-227.0860195159912
-5.0,-227.61270999908447
-5.0,-227.54783630371094
-5.0,-227.1660566329956
-5.0,-226.84900760650635
-5.0,-226.8275499343872
-5.0,-227.72135734558105
-5.0,-227.34224796295166
-5.0,-228.06472778320312
-5.0,-228.48594188690186
-5.0,-227.8453826904297
-5.0,-228.92684936523438
-5.0,-228.35993766784668
-5.0,-228.80516052246094
-5.0,-230.56328296661377
-5.0,-229.53531742095947
-5.0,-228.8707733154297
-5.0,-228.41873168945312
-5.0,-228.61812114715576
-5.0,-228.26108932495117
-5.0,-227.77693271636963
-5.0,-226.6254186630249
-5.0,-226.01027488708496
-5.0,-225.8486032485962
-5.0,-225.69012641906738
0.0,-225.93164443969727
0.0,-228.47445011138916
0.0,-227.58910655975342
0.0,-222.245454788208
0.0,-188.37323188781738
0.0,-95.91844081878662
0.0,59.554362297058105
0.0,68.68367195129395
0.0,9.041841328144073
0.0,28.765594959259033
0.0,98.88927936553955
0.0,106.97689056396484
0.0,73.09287786483765
0.0,66.06031656265259
0.0,56.271183490753174
0.0,62.615370750427246
0.0,35.45568287372589
0.0,45.81483006477356
0.0,38.825228810310364
0.0,19.065162539482117
0.0,8.077621459960938
0.0,-2.5389056652784348
0.0,-7.3179543018341064
0.0,-7.617056369781494
0.0,-2.316049486398697
0.0,-12.42314875125885
0.0,-10.251082479953766
0.0,-16.59274995326996
0.0,-23.677697777748108
0.0,-21.864594519138336
0.0,-26.197990775108337
0.0,-30.603069067001343
0.0,-26.685836911201477
0.0,-31.063029170036316
0.0,-27.65057384967804
0.0,-25.755587220191956
0.0,-26.15732252597809
0.0,-25.14832317829132
0.0,-26.757147908210754
0.0,-27.577778697013855
0.0,-28.1815767288208
0.0,-27.6599258184433
0.0,-27.803289890289307
0.0,-30.391356348991394
0.0,-30.390504002571106
0.0,-31.790578365325928
0.0,-31.59981369972229
0.0,-33.434826135635376
0.0,-33.591628074645996
0.0,-35.57509183883667
0.0,-36.04741096496582
0.0,-36.15060746669769
0.0,-36.30213737487793
0.0,-36.13941967487335
0.0,-36.398303508758545
0.0,-36.71026825904846
0.0,-36.75071597099304
0.0,-36.842331290245056
0.0,-35.82357168197632
0.0,-36.27544939517975
0.0,-36.489588022232056
0.0,-36.57999038696289
0.0,-37.21824586391449
0.0,-36.272066831588745
0.0,-37.426188588142395
0.0,-36.995431780815125
0.0,-35.04935801029205
0.0,-34.561318159103394
0.0,-34.68310534954071
0.0,-34.28777456283569
0.0,-33.200860023498535
0.0,-33.35199058055878
0.0,-33.86213481426239
0.0,-33.84124934673309
0.0,-33.3397775888443
0.0,-34.01205539703369
0.0,-34.291306138038635
0.0,-33.904871344566345
0.0,-33.50023627281189
0.0,-34.234753251075745
0.0,-33.53494703769684
0.0,-34.35024619102478
0.0,-33.608922362327576
0.0,-33.18595886230469
0.0,-32.1855366230011
0.0,-31.847548484802246
0.0,-32.3467880487442
0.0,-32.31330215930939
0.0,-31.162795424461365
0.0,-31.35913610458374
0.0,-31.692087650299072
0.0,-31.99143409729004
0.0,-32.55866467952728
0.0,-32.773640751838684
0.0,-32.484009861946106
0.0,-31.82370364665985
0.0,-30.055752396583557
0.0,-31.479305028915405
0.0,-31.0795396566391
0.0,-30.962491035461426
0.0,-31.845110654830933
0.0,-31.517937779426575
0.0,-30.238890647888184
0.0,-31.885752081871033
0.0,-31.313031911849976
0.0,-31.38567805290222
0.0,-30.729100108146667
0.0,-31.847429275512695
0.0,-32.07590579986572
0.0,-32.819581031799316
0.0,-33.946046233177185
0.0,-34.101879596710205
0.0,-33.62413942813873
0.0,-34.80358123779297
0.0,-35.32926142215729
0.0,-35.6416791677475
0.0,-35.414859652519226
0.0,-36.414915323257446
0.0,-36.007341742515564
0.0,-35.02106070518494
0.0,-35.686495900154114
0.0,-35.6958270072937
0.0,-36.63812577724457
0.0,-37.169086933135986
0.0,-36.63082420825958
0.0,-36.06200814247131
0.0,-35.397642850875854
0.0,-35.597240924835205
0.0,-35.537898540496826
0.0,-34.5957487821579
0.0,-33.701252937316895
0.0,-33.052560687065125
0.0,-33.21767747402191
0.0,-34.14108455181122
0.0,-35.47864556312561
0.0,-34.38497483730316
0.0,-34.229740500450134
0.0,-33.876943588256836
0.0,-32.726696133613586
0.0,-30.952003598213196
0.0,-31.006884574890137
0.0,-30.923092365264893
0.0,-30.290478467941284
0.0,-30.812180042266846
0.0,-30.103063583374023
0.0,-30.431851744651794
0.0,-30.53734302520752
0.0,-31.168347597122192
0.0,-29.753965139389038
0.0,-29.58219349384308
30.0,-30.708640813827515
30.0,-32.25623369216919
30.0,-25.388896465301514
30.0,-11.140861362218857
30.0,28.10734510421753
30.0,150.35303831100464
30.0,320.32668590545654
30.0,496.4693069458008
30.0,749.6592044830322
30.0,947.1426010131836
30.0,1064.2791748046875
30.0,1167.2436714172363
30.0,1222.5143432617188
30.0,1200.6001472473145
30.0,1188.863468170166
30.0,1201.389217376709
30.0,1210.5063438415527
30.0,1204.4456481933594
30.0,1198.6916542053223
30.0,1189.3136978149414
30.0,1181.1887741088867
30.0,1174.4524955749512
30.0,1170.5374717712402
30.0,1163.0821228027344
30.0,1160.7318878173828
30.0,1156.3854217529297
30.0,1152.9895782470703
30.0,1148.5376358032227
30.0,1145.704460144043
30.0,1142.2504425048828
30.0,1138.3870124816895
30.0,1137.3838424682617
30.0,1134.5036506652832
30.0,1134.1392517089844
30.0,1132.3200225830078
30.0,1132.0075035095215
30.0,1131.80513381958
30.0,1130.8019638061523
30.0,1130.2031517028809
30.0,1128.8050651550293
30.0,1128.338623046875
30.0,1127.6293754577637
30.0,1126.3396263122559
30.0,1123.1493949890137
30.0,1123.2192039489746
30.0,1124.0996360778809
30.0,1123.3015060424805
30.0,1122.983169555664
30.0,1122.8028297424316
30.0,1121.9329833984375
30.0,1121.2538719177246
30.0,1120.933437347412
30.0,1121.230411529541
30.0,1120.6275939941406
30.0,1121.2806701660156
30.0,1121.7435836791992
30.0,1122.3455429077148
30.0,1121.8340873718262
30.0,1121.7267990112305
30.0,1121.380615234375
30.0,1120.9375381469727
30.0,1120.8337783813477
30.0,1120.553970336914
30.0,1119.1217422485352
30.0,1119.7787284851074
30.0,1120.939540863037
30.0,1122.438144683838
30.0,1121.8480110168457
30.0,1120.0199127197266
30.0,1118.5142517089844
30.0,1118.2099342346191
30.0,1117.7257537841797
30.0,1118.4517860412598
30.0,1117.9399490356445
30.0,1118.0496215820312
30.0,1118.9498901367188
30.0,1119.1024780273438
30.0,1119.5486068725586
30.0,1120.113468170166
30.0,1120.4325675964355
30.0,1121.805191040039
30.0,1121.4815139770508
30.0,1119.9589729309082
30.0,1120.4803466796875
30.0,1119.1322326660156
30.0,1120.2081680297852
30.0,1119.7785377502441
30.0,1119.6420669555664
30.0,1119.458293914795
30.0,1119.3203926086426
30.0,1119.273853302002
30.0,1119.7572708129883
30.0,1119.8016166687012
30.0,1119.3665504455566
30.0,1119.262981414795
30.0,1120.2461242675781
30.0,1119.8712348937988
30.0,1119.5833206176758
30.0,1120.097827911377
30.0,1119.1861152648926
30.0,1119.1560745239258
30.0,1118.8817977905273
30.0,1119.4816589355469
30.0,1119.866943359375
30.0,1118.9173698425293
30.0,1118.8629150390625
30.0,1119.5998191833496
30.0,1120.2811241149902
30.0,1119.9760437011719
30.0,1120.1362609863281
30.0,1119.17142868042
30.0,1119.3716049194336
30.0,1119.688606262207
30.0,1120.0470924377441
30.0,1120.1900482177734
30.0,1119.5603370666504
30.0,1119.2718505859375
30.0,1118.1222915649414
30.0,1117.5143241882324
30.0,1117.7084922790527
30.0,1117.976474761963
30.0,1118.8294410705566
30.0,1117.934226989746
30.0,1117.5939559936523
30.0,1118.0091857910156
30.0,1118.5453414916992
30.0,1118.9698219299316
30.0,1119.7016716003418
30.0,1120.223331451416
30.0,1121.490478515625
30.0,1121.407699584961
30.0,1121.9524383544922
30.0,1121.3419914245605
30.0,1121.277904510498
30.0,1121.8222618103027
30.0,1120.08056640625
30.0,1118.9849853515625
30.0,1118.96390914917
30.0,1119.2456245422363
30.0,1120.0794219970703
30.0,1120.1900482177734
30.0,1121.2703704833984
30.0,1121.1313247680664
30.0,1119.960880279541
30.0,1119.84281539917
30.0,1118.6955451965332
30.0,1119.270133972168
30.0,1119.9739456176758
30.0,1121.3556289672852
30.0,1121.1307525634766
-30.0,1120.6048011779785
-30.0,1123.1090545654297
-30.0,1121.7491149902344
-30.0,1072.1184730529785
-30.0,965.3051376342773
-30.0,807.3477745056152
-30.0,712.247371673584
-30.0,588.8232707977295
-30.0,376.99759006500244
-30.0,201.8707275390625
-30.0,15.049710869789124
-30.0,-148.04916381835938
-30.0,-321.04408740997314
-30.0,-527.1858215332031
-30.0,-694.5803642272949
-30.0,-878.6774635314941
-30.0,-1015.3374671936035
-30.0,-1127.724266052246
-30.0,-1150.6234169006348
-30.0,-1131.8058967590332
-30.0,-1117.667293548584
-30.0,-1106.731128692627
-30.0,-1105.3256034851074
-30.0,-1078.2037734985352
-30.0,-1060.7301712036133
-30.0,-1110.7428550720215
-30.0,-1119.0978050231934
-30.0,-1118.6104774475098
-30.0,-1119.2560195922852
-30.0,-1119.1177368164062
-30.0,-1131.1415672302246
-30.0,-1142.3739433288574
-30.0,-1143.6001777648926
-30.0,-1154.5748710632324
-30.0,-1156.5919876098633
-30.0,-1156.5069198608398
-30.0,-1160.2596282958984
-30.0,-1158.5591316223145
-30.0,-1161.280345916748
-30.0,-1162.932014465332
-30.0,-1163.9554977416992
-30.0,-1168.2682037353516
-30.0,-1169.053077697754
-30.0,-1169.0705299377441
-30.0,-1170.543098449707
-30.0,-1169.2708015441895
-30.0,-1170.6480979919434
-30.0,-1172.1466064453125
-30.0,-1172.9732513427734
-30.0,-1173.7933158874512
-30.0,-1174.257469177246
-30.0,-1173.9699363708496
-30.0,-1173.9920616149902
-30.0,-1173.2913970947266
-30.0,-1172.8103637695312
-30.0,-1173.6991882324219
-30.0,-1173.8839149475098
-30.0,-1173.940372467041
-30.0,-1174.011516571045
-30.0,-1173.66361618042
-30.0,-1173.897647857666
-30.0,-1173.7946510314941
-30.0,-1173.4134674072266
-30.0,-1172.257423400879
-30.0,-1171.9029426574707
-30.0,-1171.3433265686035
-30.0,-1172.0219612121582
-30.0,-1172.131633758545
-30.0,-1170.9967613220215
-30.0,-1171.703815460205
-30.0,-1171.3432312011719
-30.0,-1171.755313873291
-30.0,-1172.2509384155273
-30.0,-1173.5711097717285
-30.0,-1173.2397079467773
-30.0,-1171.966552734375
-30.0,-1171.8433380126953
-30.0,-1172.203254699707
-30.0,-1172.6158142089844
-30.0,-1172.1953392028809
-30.0,-1173.9714622497559
-30.0,-1174.5343208312988
-30.0,-1175.465965270996
-30.0,-1174.837875366211
-30.0,-1176.13525390625
-30.0,-1178.0010223388672
-30.0,-1177.8016090393066
-30.0,-1175.9448051452637
-30.0,-1176.1833190917969
-30.0,-1175.9827613830566
-30.0,-1176.0087966918945
-30.0,-1177.6135444641113
-30.0,-1176.9551277160645
-30.0,-1177.2232055664062
-30.0,-1176.9158363342285
-30.0,-1176.511001586914
-30.0,-1175.4685401916504
-30.0,-1175.8423805236816
-30.0,-1176.719570159912
-30.0,-1175.9685516357422
-30.0,-1176.5693664550781
-30.0,-1175.8281707763672
-30.0,-1175.6064414978027
-30.0,-1175.8305549621582
-30.0,-1174.776554107666
-30.0,-1175.3668785095215
-30.0,-1176.559829711914
-30.0,-1176.586627960205
-30.0,-1175.6606101989746
-30.0,-1176.217269897461
-30.0,-1176.0425567626953
-30.0,-1175.7258415222168
-30.0,-1176.5393257141113
-30.0,-1177.4014472961426
-30.0,-1175.5874633789062
-30.0,-1175.2850532531738
-30.0,-1174.4669914245605
-30.0,-1174.0930557250977
-30.0,-1174.9608039855957
-30.0,-1175.1975059509277
-30.0,-1175.4327774047852
-30.0,-1176.069164276123
-30.0,-1174.8327255249023
-30.0,-1174.558448791504
-30.0,-1174.3109703063965
-30.0,-1175.4782676696777
-30.0,-1175.3493309020996
-30.0,-1174.3683815002441
-30.0,-1175.1042366027832
-30.0,-1174.933910369873
-30.0,-1174.52392578125
-30.0,-1173.908805847168
-30.0,-1174.4038581848145
-30.0,-1173.7027168273926
-30.0,-1173.4557151794434
-30.0,-1173.6932754516602
-30.0,-1175.1535415649414
-30.0,-1174.2167472839355
-30.0,-1173.8744735717773
-30.0,-1174.9934196472168
-30.0,-1174.726676940918
-30.0,-1173.367977142334
-30.0,-1175.911808013916
-30.0,-1175.9492874145508
-30.0,-1174.695873260498
-30.0,-1174.8485565185547
-30.0,-1175.4100799560547
-30.0,-1175.2796173095703
-30.0,-1176.0068893432617
-30.0,-1175.3037452697754
20.0,-1175.4264831542969
20.0,-1174.7211456298828
20.0,-1168.4566497802734
20.0,-1148.8598823547363
20.0,-1083.4848403930664
20.0,-972.4539756774902
20.0,-796.3762283325195
20.0,-566.0166263580322
20.0,-306.55786991119385
20.0,-113.88576030731201
20.0,-9.101468324661255
20.0,175.6432294845581
20.0,355.10308742523193
20.0,495.91803550720215
20.0,717.4839496612549
20.0,815.0590896606445
20.0,769.8463439941406
20.0,802.8884887695312
20.0,856.8552017211914
20.0,943.073844909668
20.0,925.6277084350586
20.0,858.0519676208496
20.0,876.4859199523926
20.0,889.6379470825195
20.0,872.6893424987793
20.0,840.318489074707
20.0,840.0534629821777
20.0,818.1915283203125
20.0,811.659049987793
20.0,812.9841804504395
20.0,806.2614440917969
20.0,806.4996719360352
20.0,808.4288597106934
20.0,802.4968147277832
20.0,801.6607284545898
20.0,799.9213218688965
20.0,795.8641529083252
20.0,794.9146270751953
20.0,792.1743392944336
20.0,790.1129722595215
20.0,790.1886463165283
20.0,788.856315612793
20.0,788.8920783996582
20.0,788.3905410766602
20.0,785.1154327392578
20.0,785.8669281005859
20.0,782.797384262085
20.0,782.9287528991699
20.0,782.8093528747559
20.0,781.6289901733398
20.0,780.5036067962646
20.0,779.5499801635742
20.0,780.20920753479
20.0,779.2468070983887
20.0,778.9103984832764
20.0,778.4145355224609
20.0,776.8134117126465
20.0,775.1508712768555
20.0,775.2982139587402
20.0,774.6094226837158
20.0,773.5695838928223
20.0,774.467134475708
20.0,773.2991218566895
20.0,773.8644599914551
20.0,772.9404449462891
20.0,773.4097480773926
20.0,774.0272521972656
20.0,774.1162300109863
20.0,774.7869968414307
20.0,775.5962371826172
20.0,775.452470779419
20.0,775.9623527526855
20.0,775.4991054534912
20.0,776.1740684509277
20.0,775.9848594665527
20.0,775.4528999328613
20.0,776.3979911804199
20.0,775.3893852233887
20.0,776.060962677002
20.0,776.4864444732666
20.0,775.5153179168701
20.0,775.221586227417
20.0,775.2860069274902
20.0,774.7608184814453
20.0,774.6357440948486
20.0,776.1632442474365
20.0,775.3993034362793
20.0,775.7196426391602
20.0,777.1306037902832
20.0,776.4311790466309
20.0,776.5997886657715
20.0,777.151346206665
20.0,776.8161773681641
20.0,776.0505676269531
20.0,777.3972034454346
20.0,777.3698806762695
20.0,777.2221565246582
20.0,775.7914543151855
20.0,774.8898029327393
20.0,775.0270366668701
20.0,775.0282287597656
20.0,775.812292098999
20.0,775.3391265869141
20.0,775.7875442504883
20.0,776.459789276123
20.0,776.8426895141602
20.0,776.0725975036621
20.0,775.4290580749512
20.0,775.247049331665
20.0,774.5633602142334
20.0,775.3485679626465
20.0,775.8452892303467
20.0,775.4044055938721
20.0,775.6947040557861
20.0,773.7549781799316
20.0,774.3266582489014
20.0,773.7404823303223
20.0,774.7666358947754
20.0,774.5182037353516
20.0,773.9153861999512
20.0,773.8280296325684
20.0,773.8059997558594
20.0,773.5501766204834
20.0,773.4308242797852
20.0,774.3971824645996
20.0,774.4388580322266
20.0,775.3113269805908
20.0,776.1063575744629
20.0,775.9428024291992
20.0,776.4838218688965
20.0,775.9373664855957
20.0,774.9649047851562
20.0,775.2462863922119
20.0,774.163818359375
20.0,775.2235412597656
20.0,774.7517108917236
20.0,775.0888824462891
20.0,775.1078128814697
20.0,775.4969596862793
20.0,775.4664421081543
20.0,774.77126121521
20.0,774.8871803283691
20.0,774.106502532959
20.0,774.4893550872803
20.0,773.9665508270264
20.0,775.0017642974854
20.0,774.2802619934082
20.0,775.1345634460449
20.0,774.4426727294922
20.0,774.147367477417
-20.0,774.9144554138184
-20.0,775.3602027893066
-20.0,765.3792381286621
-20.0,701.746940612793
-20.0,578.5242080688477
-20.0,451.47461891174316
-20.0,272.35541343688965
-20.0,75.1030445098877
-20.0,-88.33450675010681
-20.0,-271.4395761489868
-20.0,-456.9570064544678
-20.0,-594.3860530853271
-20.0,-745.8504676818848
-20.0,-861.2541198730469
-20.0,-878.3926010131836
-20.0,-833.6682319641113
-20.0,-754.539966583252
-20.0,-721.5696811676025
-20.0,-742.7877902984619
-20.0,-705.3236961364746
-20.0,-706.7041397094727
-20.0,-742.9294586181641
-20.0,-749.6401786804199
-20.0,-764.064359664917
-20.0,-754.2120933532715
-20.0,-743.050479888916
-20.0,-726.5736103057861
-20.0,-737.6755237579346
-20.0,-746.1598873138428
-20.0,-749.9140739440918
-20.0,-760.679817199707
-20.0,-764.2563343048096
-20.0,-764.1969203948975
-20.0,-770.4189777374268
-20.0,-770.8389282226562
-20.0,-776.08323097229
-20.0,-778.7488460540771
-20.0,-781.4666748046875
-20.0,-785.8130931854248
-20.0,-786.9324684143066
-20.0,-787.0752334594727
-20.0,-791.1399841308594
-20.0,-791.6179656982422
-20.0,-793.0852890014648
-20.0,-797.0965385437012
-20.0,-797.6829528808594
-20.0,-799.194860458374
-20.0,-800.0500679016113
-20.0,-801.3625144958496
-20.0,-802.6974678039551
-20.0,-802.5769233703613
-20.0,-804.2575836181641
-20.0,-803.7921905517578
-20.0,-803.8417816162109
-20.0,-804.5522689819336
-20.0,-804.1200637817383
-20.0,-804.8495292663574
-20.0,-805.3731918334961
-20.0,-805.405330657959
-20.0,-806.1120986938477
-20.0,-805.351448059082
-20.0,-805.1594734191895
-20.0,-804.0408134460449
-20.0,-804.1416168212891
-20.0,-803.6604881286621
-20.0,-803.4871101379395
-20.0,-803.1105995178223
-20.0,-801.9804954528809
-20.0,-800.9981155395508
-20.0,-799.6367931365967
-20.0,-800.3786087036133
-20.0,-801.0715484619141
-20.0,-801.6201972961426
-20.0,-801.2234687805176
-20.0,-802.1894454956055
-20.0,-802.3106575012207
-20.0,-803.5671234130859
-20.0,-804.3834686279297
-20.0,-805.6517601013184
-20.0,-805.4780960083008
-20.0,-806.5329551696777
-20.0,-805.882740020752
-20.0,-806.4802169799805
-20.0,-806.0654640197754
-20.0,-806.6919326782227
-20.0,-806.3271522521973
-20.0,-807.8994750976562
-20.0,-807.6309204101562
-20.0,-808.2755088806152
-20.0,-808.4383010864258
-20.0,-807.114315032959
-20.0,-808.1198692321777
-20.0,-807.8863143920898
-20.0,-807.603931427002
-20.0,-807.5586318969727
-20.0,-806.489372253418
-20.0,-806.3283920288086
-20.0,-806.0674667358398
-20.0,-805.3911209106445
-20.0,-805.5121421813965
-20.0,-805.018424987793
-20.0,-804.4593811035156
-20.0,-803.3537864685059
-20.0,-805.0457000732422
-20.0,-804.698657989502
-20.0,-804.0879249572754
-20.0,-804.6725273132324
-20.0,-805.6301116943359
-20.0,-805.125904083252
-20.0,-805.2831649780273
-20.0,-803.9007186889648
-20.0,-804.1828155517578
-20.0,-803.8845062255859
-20.0,-804.3734550476074
-20.0,-803.8544654846191
-20.0,-804.5838356018066
-20.0,-804.4458389282227
-20.0,-805.5909156799316
-20.0,-805.9878349304199
-20.0,-806.3607215881348
-20.0,-807.3845863342285
-20.0,-806.7556381225586
-20.0,-807.0305824279785
-20.0,-807.0278167724609
-20.0,-805.9267044067383
-20.0,-806.7110061645508
-20.0,-805.8866500854492
-20.0,-806.8854331970215
-20.0,-807.0219993591309
-20.0,-807.7055931091309
-20.0,-808.8569641113281
-20.0,-807.8189849853516
-20.0,-808.2860946655273
-20.0,-808.2823753356934
-20.0,-808.0214500427246
-20.0,-807.4075698852539
-20.0,-807.3322296142578
-20.0,-807.2331428527832
-20.0,-807.2943687438965
-20.0,-807.6302528381348
-20.0,-807.4126243591309
-20.0,-808.4663391113281
-20.0,-809.0472221374512
-20.0,-808.5594177246094
-20.0,-808.0432891845703
-20.0,-808.8656425476074
-20.0,-809.8071098327637
-20.0,-809.466552734375
-20.0,-808.7369918823242
-20.0,-807.7649116516113
15.0,-808.3104133605957
15.0,-809.3422889709473
15.0,-801.5503883361816
15.0,-776.613712310791
15.0,-737.1113777160645
15.0,-634.3709468841553
15.0,-471.20423316955566
15.0,-274.1914987564087
15.0,-60.72530150413513
15.0,99.5864748954773
15.0,253.56886386871338
15.0,366.68388843536377
15.0,413.37409019470215
15.0,446.8997001647949
15.0,456.929874420166
15.0,463.65365982055664
15.0,484.1413974761963
15.0,524.9420642852783
15.0,529.2056560516357
15.0,530.6214332580566
15.0,542.7835464477539
15.0,540.936279296875
15.0,545.6323146820068
15.0,551.1479377746582
15.0,551.9999980926514
15.0,554.0444374084473
15.0,554.5366287231445
15.0,554.8256874084473
15.0,558.4572315216064
15.0,559.093713760376
15.0,559.1259479522705
15.0,559.0356826782227
15.0,558.9019298553467
15.0,559.0195178985596
15.0,560.0322723388672
15.0,560.1363182067871
15.0,562.0004177093506
15.0,560.548734664917
15.0,560.2720260620117
15.0,560.7050895690918
15.0,559.4255447387695
15.0,558.5979461669922
15.0,559.3493938446045
15.0,560.6226444244385
15.0,560.6156349182129
15.0,560.2794647216797
15.0,560.027551651001
15.0,559.6547603607178
15.0,559.8972797393799
15.0,560.2358341217041
15.0,561.4936828613281
15.0,560.9292984008789
15.0,560.1760864257812
15.0,560.0643157958984
15.0,560.414981842041
15.0,561.5572452545166
15.0,561.0750198364258
15.0,561.9014263153076
15.0,561.1715316772461
15.0,561.1845970153809
15.0,561.6899490356445
15.0,561.8914127349854
15.0,561.9382381439209
15.0,562.4248027801514
15.0,563.0428314208984
15.0,562.1930599212646
15.0,563.4407997131348
15.0,563.8240814208984
15.0,563.6573791503906
15.0,562.51220703125
15.0,563.3310317993164
15.0,564.6088600158691
15.0,563.7543201446533
15.0,564.418888092041
15.0,564.3420696258545
15.0,563.8440608978271
15.0,563.3316993713379
15.0,563.3472442626953
15.0,563.0797386169434
15.0,563.6555194854736
15.0,563.6459827423096
15.0,563.6239528656006
15.0,562.5190258026123
15.0,561.9370937347412
15.0,561.7504119873047
15.0,562.8982543945312
15.0,562.3013973236084
15.0,561.6048336029053
15.0,562.5099658966064
15.0,561.8288993835449
15.0,562.8039836883545
15.0,562.3069763183594
15.0,562.0322704315186
15.0,563.3762836456299
15.0,564.3699645996094
15.0,563.1768226623535
15.0,564.8425102233887
15.0,563.7675285339355
15.0,563.8321399688721
15.0,564.0601634979248
15.0,563.9864921569824
15.0,564.1332149505615
15.0,564.189338684082
15.0,563.8684749603271
15.0,563.9497756958008
15.0,566.0032272338867
15.0,567.2929286956787
15.0,568.6100959777832
15.0,568.0854320526123
15.0,567.9278373718262
15.0,567.2731876373291
15.0,567.7917003631592
15.0,565.7277584075928
15.0,565.6454086303711
15.0,564.9605751037598
15.0,565.197229385376
15.0,565.4253482818604
15.0,565.9964084625244
15.0,566.1013126373291
15.0,565.8819198608398
15.0,566.1149978637695
15.0,565.2786731719971
15.0,566.0586357116699
15.0,567.0806407928467
15.0,565.6298160552979
15.0,564.8063659667969
15.0,565.101432800293
15.0,566.0736560821533
15.0,566.5754318237305
15.0,565.593957901001
15.0,565.4252529144287
15.0,565.4398918151855
15.0,565.5034065246582
15.0,565.7918930053711
15.0,564.8378372192383
15.0,564.3043041229248
15.0,564.2708778381348
15.0,563.3949756622314
15.0,562.6514434814453
15.0,562.9043579101562
15.0,563.6050224304199
15.0,563.8611793518066
15.0,563.8162136077881
15.0,564.3001079559326
15.0,564.3511295318604
15.0,565.6420230865479
15.0,565.3652191162109
15.0,566.0745143890381
15.0,566.7482852935791
15.0,566.8224811553955
-15.0,565.388298034668
-15.0,564.9745464324951
-15.0,561.6323471069336
-15.0,521.0352897644043
-15.0,386.5989685058594
-15.0,254.02283668518066
-15.0,82.87925124168396
-15.0,-97.20466136932373
-15.0,-273.0576992034912
-15.0,-410.3255271911621
-15.0,-524.0619659423828
-15.0,-565.8249378204346
-15.0,-579.8349857330322
-15.0,-583.4400177001953
-15.0,-576.9712924957275
-15.0,-616.948652267456
-15.0,-595.0913429260254
-15.0,-603.545618057251
-15.0,-623.5385417938232
-15.0,-624.5070457458496
-15.0,-621.5747356414795
-15.0,-631.8450927734375
-15.0,-616.3071632385254
-15.0,-614.1708374023438
-15.0,-621.1047172546387
-15.0,-619.1175937652588
-15.0,-613.014554977417
-15.0,-613.1791114807129
-15.0,-610.3891849517822
-15.0,-604.5984745025635
-15.0,-612.2016906738281
-15.0,-610.4433536529541
-15.0,-613.7416839599609
-15.0,-615.5956745147705
-15.0,-614.5098686218262
-15.0,-617.4217224121094
-15.0,-617.1791076660156
-15.0,-615.7485961914062
-15.0,-618.134069442749
-15.0,-617.3287868499756
-15.0,-614.3062591552734
-15.0,-617.0280456542969
-15.0,-616.3854598999023
-15.0,-616.2946701049805
-15.0,-617.3254013061523
-15.0,-619.0700054168701
-15.0,-621.1509227752686
-15.0,-621.3699817657471
-15.0,-621.1480140686035
-15.0,-622.8408813476562
-15.0,-621.5293407440186
-15.0,-621.1331844329834
-15.0,-620.4973220825195
-15.0,-620.7849025726318
-15.0,-621.4258193969727
-15.0,-620.777416229248
-15.0,-622.0697402954102
-15.0,-620.3085899353027
-15.0,-618.2308197021484
-15.0,-619.140625
-15.0,-619.2409038543701
-15.0,-620.3061103820801
-15.0,-619.9956893920898
-15.0,-619.8237419128418
-15.0,-620.8030700683594
-15.0,-619.7906017303467
-15.0,-621.772575378418
-15.0,-621.1014270782471
-15.0,-620.050573348999
-15.0,-620.287275314331
-15.0,-619.6318626403809
-15.0,-619.1551208496094
-15.0,-619.4916248321533
-15.0,-620.064640045166
-15.0,-620.9741115570068
-15.0,-620.6254959106445
-15.0,-619.1298961639404
-15.0,-618.4309005737305
-15.0,-618.9731121063232
-15.0,-620.0508117675781
-15.0,-620.2053070068359
-15.0,-618.9928531646729
-15.0,-618.9227104187012
-15.0,-617.9399967193604
-15.0,-618.4798717498779
-15.0,-616.5327548980713
-15.0,-616.7444229125977
-15.0,-617.9997444152832
-15.0,-618.1384086608887
-15.0,-617.8749084472656
-15.0,-618.1045532226562
-15.0,-619.2099571228027
-15.0,-618.3718681335449
-15.0,-619.0735816955566
-15.0,-618.0491924285889
-15.0,-617.3809051513672
-15.0,-617.0998096466064
-15.0,-616.2338256835938
-15.0,-617.3252105712891
-15.0,-618.4216022491455
-15.0,-618.8209533691406
-15.0,-619.5388793945312
-15.0,-619.7097301483154
-15.0,-619.5824146270752
-15.0,-619.4833278656006
-15.0,-619.9924468994141
-15.0,-620.2044486999512
-15.0,-620.5733776092529
-15.0,-620.5134868621826
-15.0,-620.3221797943115
-15.0,-620.5731391906738
-15.0,-621.0701942443848
-15.0,-621.8653202056885
-15.0,-621.7742919921875
-15.0,-621.5667724609375
-15.0,-622.2755908966064
-15.0,-622.0890045166016
-15.0,-622.3840236663818
-15.0,-622.3469257354736
-15.0,-621.0519313812256
-15.0,-622.441577911377
-15.0,-624.4271278381348
-15.0,-623.7415790557861
-15.0,-623.5424041748047
-15.0,-623.4945774078369
-15.0,-623.571252822876
-15.0,-623.5138893127441
-15.0,-623.821210861206
-15.0,-623.1488704681396
-15.0,-623.5433101654053
-15.0,-623.9860534667969
-15.0,-623.8122940063477
-15.0,-622.7940082550049
-15.0,-623.1827735900879
-15.0,-624.4716167449951
-15.0,-622.5397109985352
-15.0,-621.527099609375
-15.0,-622.1619129180908
-15.0,-622.248125076294
-15.0,-621.9340324401855
-15.0,-622.290849685669
-15.0,-621.0120677947998
-15.0,-620.2465534210205
-15.0,-620.8529472351074
-15.0,-621.404504776001
-15.0,-621.5885162353516
-15.0,-620.5284595489502
-15.0,-621.0035800933838
-15.0,-622.1898555755615
-15.0,-622.4790096282959
10.0,-622.248649597168
10.0,-620.9609031677246
10.0,-615.7736301422119
10.0,-602.3678779602051
10.0,-541.8972492218018
10.0,-432.87835121154785
10.0,-250.26283264160156
10.0,-36.71985864639282
10.0,179.56485748291016
10.0,261.6215229034424
10.0,221.9595193862915
10.0,236.7093324661255
10.0,262.5877618789673
10.0,322.2224712371826
10.0,279.24695014953613
10.0,250.1305341720581
10.0,281.3656806945801
10.0,317.1222448348999
10.0,287.04562187194824
10.0,260.8442544937134
10.0,248.50947856903076
10.0,289.12858963012695
10.0,328.92584800720215
10.0,313.94007205963135
10.0,341.36359691619873
10.0,347.20988273620605
10.0,340.3676986694336
10.0,347.49035835266113
10.0,351.945424079895
10.0,352.54952907562256
10.0,362.5105142593384
10.0,358.0256700515747
10.0,356.2413454055786
10.0,362.0033025741577
10.0,361.68577671051025
10.0,365.7822370529175
10.0,370.2173948287964
10.0,372.00307846069336
10.0,374.78723526000977
10.0,375.1185894012451
10.0,376.37782096862793
10.0,377.5844097137451
10.0,379.42023277282715
10.0,380.5518865585327
10.0,381.0938358306885
10.0,382.2741985321045
10.0,381.11491203308105
10.0,383.3164930343628
10.0,382.915997505188
10.0,384.4447374343872
10.0,383.9369535446167
10.0,383.4306001663208
10.0,383.5970640182495
10.0,383.7003231048584
10.0,383.4285497665405
10.0,383.25488567352295
10.0,383.0472469329834
10.0,383.4388256072998
10.0,386.1664056777954
10.0,386.7509603500366
10.0,385.4870080947876
10.0,382.39266872406006
10.0,380.6034564971924
10.0,380.4056644439697
10.0,383.6094617843628
10.0,387.2995138168335
10.0,388.97883892059326
10.0,389.40815925598145
10.0,388.8347387313843
10.0,384.9435091018677
10.0,384.6062660217285
10.0,382.8570365905762
10.0,384.49060916900635
10.0,386.6583824157715
10.0,389.06662464141846
10.0,389.88325595855713
10.0,389.381742477417
10.0,388.24729919433594
10.0,387.5539779663086
10.0,386.8187427520752
10.0,384.26756858825684
10.0,386.00752353668213
10.0,388.7060880661011
10.0,393.17846298217773
10.0,394.6767568588257
10.0,392.89705753326416
10.0,391.0184860229492
10.0,387.5741958618164
10.0,386.7459774017334
10.0,386.9694232940674
10.0,387.42616176605225
10.0,390.15657901763916
10.0,388.73565196990967
10.0,388.5273218154907
10.0,386.9636058807373
10.0,385.95097064971924
10.0,384.63664054870605
10.0,384.1078281402588
10.0,382.95440673828125
10.0,384.1925382614136
10.0,386.4797830581665
10.0,387.1767520904541
10.0,387.51940727233887
10.0,387.1644973754883
10.0,385.402774810791
10.0,384.66365337371826
10.0,383.74738693237305
10.0,384.5545291900635
10.0,385.52446365356445
10.0,386.56628131866455
10.0,386.98089122772217
10.0,387.7380132675171
10.0,386.6854667663574
10.0,385.90943813323975
10.0,385.8316659927368
10.0,385.6721878051758
10.0,387.8728151321411
10.0,389.8789882659912
10.0,390.03288745880127
10.0,389.22810554504395
10.0,387.7922058105469
10.0,386.8873119354248
10.0,385.04741191864014
10.0,384.67228412628174
10.0,385.61999797821045
10.0,385.534930229187
10.0,386.0443115234375
10.0,386.1830472946167
10.0,386.22684478759766
10.0,385.50896644592285
10.0,383.4859371185303
10.0,383.4534168243408
10.0,383.07156562805176
10.0,382.55507946014404
10.0,383.4881782531738
10.0,383.50467681884766
10.0,383.64667892456055
10.0,384.28735733032227
10.0,383.1439256668091
10.0,384.02888774871826
10.0,384.2813491821289
10.0,384.82251167297363
10.0,383.68051052093506
10.0,384.596848487854
10.0,387.5617980957031
10.0,386.9274616241455
10.0,386.5803003311157
10.0,384.10840034484863
10.0,383.4841728210449
10.0,384.5921516418457
-10.0,385.64910888671875
-10.0,386.4140510559082
-10.0,383.31379890441895
-10.0,318.0523633956909
-10.0,170.71537971496582
-10.0,42.09790825843811
-10.0,-93.56880187988281
-10.0,-248.1828212738037
-10.0,-359.9433183670044
-10.0,-414.38660621643066
-10.0,-427.3721218109131
-10.0,-449.1093635559082
-10.0,-475.49448013305664
-10.0,-464.4084930419922
-10.0,-465.285062789917
-10.0,-464.30115699768066
-10.0,-460.20569801330566
-10.0,-460.2388858795166
-10.0,-456.58392906188965
-10.0,-449.41868782043457
-10.0,-449.4946479797363
-10.0,-446.0580825805664
-10.0,-442.8811550140381
-10.0,-442.16508865356445
-10.0,-438.96565437316895
-10.0,-437.1387004852295
-10.0,-435.6462001800537
-10.0,-432.29875564575195
-10.0,-433.2150936126709
-10.0,-432.3111057281494
-10.0,-431.39190673828125
-10.0,-430.36890029907227
-10.0,-429.8067092895508
-10.0,-428.3531188964844
-10.0,-428.06077003479004
-10.0,-426.8105983734131
-10.0,-425.972843170166
-10.0,-425.65927505493164
-10.0,-424.73320960998535
-10.0,-424.6462345123291
-10.0,-424.7185707092285
-10.0,-424.9755382537842
-10.0,-425.7516384124756
-10.0,-424.8427391052246
-10.0,-424.51581954956055
-10.0,-423.1006622314453
-10.0,-422.6264476776123
-10.0,-423.80757331848145
-10.0,-423.62537384033203
-10.0,-422.58405685424805
-10.0,-423.68736267089844
-10.0,-423.9717960357666
-10.0,-423.85215759277344
-10.0,-423.1057643890381
-10.0,-422.91197776794434
-10.0,-422.2752094268799
-10.0,-421.50115966796875
-10.0,-422.47867584228516
-10.0,-423.09675216674805
-10.0,-423.0323791503906
-10.0,-421.69809341430664
-10.0,-422.63264656066895
-10.0,-422.39017486572266
-10.0,-423.2321262359619
-10.0,-423.6130714416504
-10.0,-423.4131336212158
-10.0,-424.7131824493408
-10.0,-424.20854568481445
-10.0,-423.95057678222656
-10.0,-423.69089126586914
-10.0,-422.7273464202881
-10.0,-421.846866607666
-10.0,-419.87085342407227
-10.0,-419.78888511657715
-10.0,-419.88277435302734
-10.0,-420.21074295043945
-10.0,-420.8247661590576
-10.0,-420.4272270202637
-10.0,-419.25668716430664
-10.0,-419.4164276123047
-10.0,-420.23935317993164
-10.0,-420.2539920806885
-10.0,-421.8335151672363
-10.0,-422.9630470275879
-10.0,-422.75304794311523
-10.0,-423.2506275177002
-10.0,-423.03099632263184
-10.0,-423.76694679260254
-10.0,-425.1246452331543
-10.0,-424.91559982299805
-10.0,-424.2771625518799
-10.0,-423.8621234893799
-10.0,-424.71766471862793
-10.0,-424.1786479949951
-10.0,-424.89657402038574
-10.0,-424.2600440979004
-10.0,-423.7668037414551
-10.0,-423.16417694091797
-10.0,-423.1480121612549
-10.0,-423.66180419921875
-10.0,-423.39611053466797
-10.0,-423.8187789916992
-10.0,-424.90925788879395
-10.0,-424.5640277862549
-10.0,-426.0788917541504
-10.0,-425.71210861206055
-10.0,-424.98555183410645
-10.0,-423.88434410095215
-10.0,-423.54745864868164
-10.0,-422.10330963134766
-10.0,-422.8006362915039
-10.0,-422.3550319671631
-10.0,-423.0308532714844
-10.0,-420.678186416626
-10.0,-422.1235752105713
-10.0,-419.9657440185547
-10.0,-420.8158493041992
-10.0,-420.50938606262207
-10.0,-420.159912109375
-10.0,-419.74730491638184
-10.0,-419.91562843322754
-10.0,-420.4073905944824
-10.0,-421.82440757751465
-10.0,-421.0495948791504
-10.0,-421.755313873291
-10.0,-420.5541133880615
-10.0,-420.1883316040039
-10.0,-421.1991310119629
-10.0,-421.7602729797363
-10.0,-421.8719959259033
-10.0,-422.3202705383301
-10.0,-421.4792728424072
-10.0,-422.0123767852783
-10.0,-421.7081546783447
-10.0,-420.300817489624
-10.0,-420.31006813049316
-10.0,-419.1808223724365
-10.0,-419.6661949157715
-10.0,-419.45204734802246
-10.0,-418.6748504638672
-10.0,-418.6422824859619
-10.0,-419.73795890808105
-10.0,-419.3326473236084
-10.0,-419.6350574493408
-10.0,-420.2674388885498
-10.0,-420.4785346984863
-10.0,-420.4789161682129
-10.0,-419.9882507324219
-10.0,-420.00465393066406
-10.0,-420.66640853881836
5.0,-420.4624652862549
5.0,-420.50557136535645
5.0,-416.32184982299805
5.0,-412.1161460876465
5.0,-359.0360641479492
5.0,-237.34428882598877
5.0,-93.41163039207458
5.0,83.00387263298035
5.0,195.76687812805176
5.0,157.6564073562622
5.0,59.45185422897339
5.0,37.314921617507935
5.0,95.93982100486755
5.0,203.79760265350342
5.0,228.281831741333
5.0,185.3147268295288
5.0,210.54117679595947
5.0,216.55631065368652
5.0,208.0846071243286
5.0,196.56494855880737
5.0,234.72399711608887
5.0,232.37826824188232
5.0,223.69153499603271
5.0,232.6575517654419
5.0,217.00403690338135
5.0,201.7103910446167
5.0,206.25841617584229
5.0,198.41594696044922
5.0,198.19581508636475
5.0,209.10940170288086
5.0,205.38878440856934
5.0,208.94217491149902
5.0,209.35473442077637
5.0,206.16261959075928
5.0,203.23023796081543
5.0,198.537015914917
5.0,195.0966477394104
5.0,194.63367462158203
5.0,195.05159854888916
5.0,195.13931274414062
5.0,195.61129808425903
5.0,197.0172882080078
5.0,195.34531831741333
5.0,193.11485290527344
5.0,192.16396808624268
5.0,190.46541452407837
5.0,191.14874601364136
5.0,190.85378646850586
5.0,190.63587188720703
5.0,190.07551670074463
5.0,190.4420256614685
5.0,190.03736972808838
5.0,189.6127700805664
5.0,189.3445611000061
5.0,188.51743936538696
5.0,188.45688104629517
5.0,189.38491344451904
5.0,190.29864072799683
5.0,190.53722620010376
5.0,189.60752487182617
5.0,188.34412097930908
5.0,187.22293376922607
5.0,185.75752973556519
5.0,185.25652885437012
5.0,185.97357273101807
5.0,186.28076314926147
5.0,186.76772117614746
5.0,187.0347261428833
5.0,187.02577352523804
5.0,186.42486333847046
5.0,185.4421854019165
5.0,187.1269702911377
5.0,188.87931108474731
5.0,188.8715386390686
5.0,188.1752848625183
5.0,188.67629766464233
5.0,187.44840621948242
5.0,187.7269148826599
5.0,186.69631481170654
5.0,186.27420663833618
5.0,187.05217838287354
5.0,185.5862021446228
5.0,185.97545623779297
5.0,187.26500272750854
5.0,187.6460313796997
5.0,187.37854957580566
5.0,187.33899593353271
5.0,187.99128532409668
5.0,188.19811344146729
5.0,187.19059228897095
5.0,189.755380153656
5.0,189.61561918258667
5.0,190.7626509666443
5.0,190.16106128692627
5.0,188.98323774337769
5.0,188.19541931152344
5.0,190.38543701171875
5.0,190.65903425216675
5.0,189.39809799194336
5.0,189.13339376449585
5.0,190.0668740272522
5.0,191.6098117828369
5.0,191.66749715805054
5.0,189.68404531478882
5.0,189.9120330810547
5.0,189.6585464477539
5.0,188.651442527771
5.0,187.4786138534546
5.0,187.44604587554932
5.0,186.64023876190186
5.0,187.7334713935852
5.0,188.15741539001465
5.0,188.69751691818237
5.0,188.72133493423462
5.0,188.4285569190979
5.0,189.57852125167847
5.0,188.05065155029297
5.0,189.46555852890015
5.0,189.19323682785034
5.0,187.97398805618286
5.0,188.28089237213135
5.0,188.84246349334717
5.0,188.41588497161865
5.0,189.9552822113037
5.0,189.4494652748108
5.0,191.23036861419678
5.0,191.50938987731934
5.0,191.76814556121826
5.0,191.41300916671753
5.0,191.81660413742065
5.0,190.9456968307495
5.0,190.75567722320557
5.0,190.46266078948975
5.0,190.20644426345825
5.0,192.27968454360962
5.0,193.0660843849182
5.0,193.1035876274109
5.0,192.67446994781494
5.0,194.47306394577026
5.0,193.57374906539917
5.0,192.35761165618896
5.0,191.3435935974121
5.0,191.08742475509644
5.0,191.62602424621582
5.0,191.57989025115967
5.0,190.04807472229004
5.0,189.37698602676392
5.0,189.35644626617432
5.0,189.87621068954468
5.0,190.2743697166443
-5.0,189.9767518043518
-5.0,188.81735801696777
-5.0,187.10814714431763
-5.0,145.0190782546997
-5.0,17.83543825149536
-5.0,-94.91828083992004
-5.0,-143.39492321014404
-5.0,-164.07657861709595
-5.0,-210.27274131774902
-5.0,-219.67484951019287
-5.0,-207.26516246795654
-5.0,-232.42411613464355
-5.0,-234.07483100891113
-5.0,-231.70530796051025
-5.0,-236.1534833908081
-5.0,-232.32860565185547
-5.0,-234.66885089874268
-5.0,-235.04109382629395
-5.0,-232.88726806640625
-5.0,-234.8785400390625
-5.0,-232.34970569610596
-5.0,-230.6959867477417
-5.0,-230.88479042053223
-5.0,-228.5778284072876
-5.0,-226.6869306564331
-5.0,-226.70838832855225
-5.0,-226.0132074356079
-5.0,-227.97927856445312
-5.0,-228.5884141921997
-5.0,-228.50635051727295
-5.0,-228.09686660766602
-5.0,-227.18420028686523
-5.0,-228.4334897994995
-5.0,-228.09796333312988
-5.0,-227.85367965698242
-5.0,-228.22604179382324
-5.0,-227.65538692474365
-5.0,-228.00657749176025
-5.0,-227.92510986328125
-5.0,-227.63409614562988
-5.0,-226.73373222351074
-5.0,-225.83894729614258
-5.0,-225.5979299545288
-5.0,-225.88331699371338
-5.0,-226.6139030456543
-5.0,-225.27012825012207
-5.0,-225.20627975463867
-5.0,-225.11374950408936
-5.0,-225.11332035064697
-5.0,-224.79791641235352
-5.0,-224.87964630126953
-5.0,-224.52576160430908
-5.0,-226.0080337524414
-5.0,-227.12597846984863
-5.0,-226.47583484649658
-5.0,-226.95226669311523
-5.0,-227.0571231842041
-5.0,-225.4713535308838
-5.0,-225.79498291015625
-5.0,-225.64618587493896
-5.0,-225.98648071289062
-5.0,-225.16424655914307
-5.0,-224.69096183776855
-5.0,-225.03321170806885
-5.0,-225.7561445236206
-5.0,-225.03328323364258
-5.0,-225.2143144607544
-5.0,-225.6186008453369
-5.0,-224.90496635437012
-5.0,-225.53465366363525
-5.0,-226.34122371673584
-5.0,-225.3882646560669
-5.0,-226.72531604766846
-5.0,-227.06809043884277
-5.0,-226.40018463134766
-5.0,-226.0988712310791
-5.0,-226.2040615081787
-5.0,-225.85175037384033
-5.0,-224.6462106704712
-5.0,-223.15666675567627
-5.0,-223.79419803619385
-5.0,-224.37241077423096
-5.0,-225.15125274658203
-5.0,-223.6884593963623
-5.0,-226.82693004608154
-5.0,-227.77576446533203
-5.0,-227.71036624908447
-5.0,-226.58510208129883
-5.0,-227.2627592086792
-5.0,-227.57325172424316
-5.0,-226.46679878234863
-5.0,-225.8230686187744
-5.0,-226.29313468933105
-5.0,-227.08868980407715
-5.0,-226.1469841003418
-5.0,-227.2643804550171
-5.0,-225.7760524749756
-5.0,-225.56400299072266
-5.0,-225.4530906677246
-5.0,-224.60322380065918
-5.0,-225.1347303390503
-5.0,-225.47650337219238
-5.0,-226.02603435516357
-5.0,-224.76332187652588
-5.0,-224.45085048675537
-5.0,-224.80697631835938
-5.0,-225.23841857910156
-5.0,-225.65326690673828
-5.0,-226.00619792938232
-5.0,-226.38182640075684
-5.0,-224.40853118896484
-5.0,-224.9217987060547
-5.0,-225.26235580444336
-5.0,-223.47023487091064
-5.0,-223.58896732330322
-5.0,-224.1424798965454
-5.0,-225.85322856903076
-5.0,-224.61094856262207
-5.0,-224.84862804412842
-5.0,-224.04906749725342
-5.0,-224.19087886810303
-5.0,-224.2823362350464
-5.0,-222.9438304901123
-5.0,-223.54516983032227
-5.0,-224.49069023132324
-5.0,-225.05054473876953
-5.0,-225.7171630859375
-5.0,-224.37591552734375
-5.0,-224.49913024902344
-5.0,-224.82335567474365
-5.0,-224.06117916107178
-5.0,-224.60081577301025
-5.0,-224.7546911239624
-5.0,-225.31187534332275
-5.0,-225.33087730407715
-5.0,-225.36368370056152
-5.0,-225.13244152069092
-5.0,-225.42529106140137
-5.0,-225.76546669006348
-5.0,-224.61531162261963
-5.0,-225.3997802734375
-5.0,-225.13861656188965
-5.0,-225.0157117843628
-5.0,-220.10083198547363
-5.0,-218.8826560974121
-5.0,-219.07517910003662
-5.0,-219.61848735809326
-5.0,-219.90673542022705
-5.0,-217.1339750289917
-5.0,-220.1958179473877
0.0,-220.22764682769775
0.0,-219.97973918914795
0.0,-222.08337783813477
0.0,-205.1194667816162
0.0,-162.78202533721924
0.0,-68.77292990684509
0.0,-3.8539614528417587
0.0,-10.077416151762009
0.0,-75.8837640285492
0.0,-46.70048952102661
0.0,1.5303745865821838
0.0,-13.586023449897766
0.0,-55.460453033447266
0.0,-95.09778618812561
0.0,-99.33671951293945
0.0,-63.138699531555176
0.0,-76.83369517326355
0.0,-67.17947125434875
0.0,-77.27736830711365
0.0,-80.21760582923889
0.0,-74.11600351333618
0.0,-76.01770162582397
0.0,-72.70888686180115
0.0,-62.05355525016785
0.0,-51.655036211013794
0.0,-54.43682670593262
0.0,-46.87390923500061
0.0,-44.40232515335083
0.0,-51.87376141548157
0.0,-53.07086110115051
0.0,-52.36355662345886
0.0,-57.77307748794556
0.0,-57.22934603691101
0.0,-57.22605586051941
0.0,-48.74112606048584
0.0,-39.699697494506836
0.0,-37.83479630947113
0.0,-33.85590612888336
0.0,-33.818548917770386
0.0,-34.089672565460205
0.0,-30.608510971069336
0.0,-26.450735330581665
0.0,-26.1771023273468
0.0,-27.888783812522888
0.0,-29.31862473487854
0.0,-25.880396366119385
0.0,-24.247972667217255
0.0,-23.667532205581665
0.0,-24.076174199581146
0.0,-23.823904991149902
0.0,-23.906660079956055
0.0,-25.039201974868774
0.0,-25.660604238510132
0.0,-23.63237738609314
0.0,-22.867663204669952
0.0,-21.76869958639145
0.0,-22.989703714847565
0.0,-25.444582104682922
0.0,-26.152056455612183
0.0,-27.837729454040527
0.0,-28.871819376945496
0.0,-27.926594018936157
0.0,-25.48341155052185
0.0,-25.575315952301025
0.0,-25.902926921844482
0.0,-25.664111971855164
0.0,-25.447672605514526
0.0,-25.542891025543213
0.0,-25.847935676574707
0.0,-27.053523063659668
0.0,-25.165987014770508
0.0,-26.071050763130188
0.0,-25.892385840415955
0.0,-25.404536724090576
0.0,-26.442500948905945
0.0,-28.741273283958435
0.0,-29.15078103542328
0.0,-28.34075689315796
0.0,-29.22212779521942
0.0,-28.94548773765564
0.0,-28.290140628814697
0.0,-27.655106782913208
0.0,-26.56111717224121
0.0,-25.644254684448242
0.0,-26.123645901679993
0.0,-26.76706314086914
0.0,-26.3578861951828
0.0,-26.793396472930908
0.0,-25.949499011039734
0.0,-26.50431990623474
0.0,-25.333309173583984
0.0,-25.78883469104767
0.0,-26.438376307487488
0.0,-26.282110810279846
0.0,-26.67098641395569
0.0,-26.8822580575943
0.0,-27.559611201286316
0.0,-26.241621375083923
0.0,-25.91359317302704
0.0,-26.177066564559937
0.0,-27.672502398490906
0.0,-28.161782026290894
0.0,-28.577345609664917
0.0,-28.95275354385376
0.0,-29.796868562698364
0.0,-29.967108368873596
0.0,-29.605886340141296
0.0,-28.29529047012329
0.0,-27.917012572288513
0.0,-28.981995582580566
0.0,-29.452162981033325
0.0,-29.792872071266174
0.0,-29.344189167022705
0.0,-29.264605045318604
0.0,-27.99706757068634
0.0,-27.468258142471313
0.0,-27.261799573898315
0.0,-26.72717571258545
0.0,-26.214882731437683
0.0,-26.877281069755554
0.0,-28.250864148139954
0.0,-27.986949682235718
0.0,-27.855980396270752
0.0,-27.554547786712646
0.0,-26.32061243057251
0.0,-25.823524594306946
0.0,-24.8662531375885
0.0,-26.492208242416382
0.0,-26.776978373527527
0.0,-26.952365040779114
0.0,-27.969101071357727
0.0,-27.33241319656372
0.0,-26.683229207992554
0.0,-25.668391585350037
0.0,-25.213494896888733
0.0,-24.77942556142807
0.0,-24.72139596939087
0.0,-26.714184880256653
0.0,-26.469141244888306
0.0,-25.19891858100891
0.0,-23.606078326702118
0.0,-24.556836485862732
0.0,-24.74616765975952
0.0,-25.799599289894104
0.0,-26.048731803894043
0.0,-25.71101486682892
0.0,-25.380709767341614
0.0,-26.715463399887085
0.0,-27.058568596839905
0.0,-26.439934968948364
30.0,-27.268749475479126
30.0,-27.695241570472717
30.0,-25.00627636909485
30.0,-17.696459591388702
30.0,15.890151262283325
30.0,134.13912057876587
30.0,271.66757583618164
30.0,434.916353225708
30.0,667.5641059875488
30.0,793.6298370361328
30.0,895.6725120544434
30.0,978.196907043457
30.0,1060.8878135681152
30.0,1138.8806343078613
30.0,1162.915325164795
30.0,1142.5155639648438
30.0,1175.7975578308105
30.0,1171.2679862976074
30.0,1168.907642364502
30.0,1175.4782676696777
30.0,1157.4838638305664
30.0,1152.2890090942383
30.0,1147.924518585205
30.0,1139.944076538086
30.0,1143.3348655700684
30.0,1144.5236206054688
30.0,1142.574119567871
30.0,1146.9788551330566
30.0,1155.5623054504395
30.0,1166.5752410888672
30.0,1175.862693786621
