-0.10000000149011612,0.00766386091709137,0.00026641925796866417,0.0,-0.15179504454135895,6.815555572509766,6.168856143951416,1.4967937469482422,3.2061803340911865
-0.10000000149011612,0.006977871060371399,-7.470324635505676e-05,-0.034299492835998535,-0.15555161237716675,6.821172714233398,6.2331767082214355,-0.029923485592007637,2.9132370948791504
-0.10000000149011612,0.006977871060371399,-0.0003651203587651253,0.0,-0.15867851674556732,6.807342052459717,6.291615009307861,-0.6406106948852539,2.5376064777374268
-0.10000000149011612,0.00766386091709137,0.00026641925796866417,0.0,-0.15179504454135895,6.815555572509766,6.168856143951416,1.4967937469482422,3.2061803340911865
-0.10000000149011612,0.006977871060371399,-7.470324635505676e-05,-0.034299492835998535,-0.15555161237716675,6.821172714233398,6.2331767082214355,-0.029923485592007637,2.9132370948791504
-0.10000000149011612,0.006977871060371399,-0.0003651203587651253,0.0,-0.15867851674556732,6.807342052459717,6.291615009307861,-0.6406106948852539,2.5376064777374268
-0.10000000149011612,0.006977871060371399,0.0027338757645338774,0.34889355301856995,0.01110142283141613,-0.0005398087087087333,1.2336315649008611e-06,-0.06961755454540253,0.00023732522095087916
-0.10000000149011612,0.006977871060371399,0.0046196430921554565,0.0,0.01744632050395012,0.009419629350304604,9.65445360634476e-06,0.5258020162582397,1.4776157140731812
-0.10000000149011612,0.00766386091709137,0.006162633188068867,0.034299492835998535,0.021652963012456894,0.01340277586132288,0.02956659533083439,0.3883973956108093,3.370121717453003
-0.10000000149011612,0.006977871060371399,0.006929065100848675,-0.034299492835998535,0.021838007494807243,0.1691884845495224,0.09701107442378998,8.373130798339844,5.163541316986084
-0.10000000149011612,0.00766386091709137,0.007686547003686428,0.034299492835998535,0.021327804774045944,0.42530256509780884,0.20038051903247833,16.525800704956055,6.355423450469971
-0.10000000149011612,0.006977871060371399,0.007896928116679192,-0.034299492835998535,0.017684634774923325,0.8152192831039429,0.3276732861995697,17.625038146972656,6.994415760040283
-0.10000000149011612,0.006977871060371399,0.007962786592543125,0.0,0.013247824274003506,1.0501952171325684,0.46777817606925964,10.113588333129883,7.017838954925537
-0.10000000149011612,-0.0039979517459869385,0.003613164182752371,-0.5487911701202393,-0.009007447399199009,1.1841570138931274,0.6083475351333618,7.808244705200195,6.6160688400268555
-0.10000000149011612,-0.0033119618892669678,0.0007910160347819328,0.034299492835998535,-0.022887757048010826,1.3209983110427856,0.7408813238143921,8.434199333190918,3.99533748626709
-0.10000000149011612,-0.0033119618892669678,-0.0012158665340393782,0.0,-0.03194631263613701,1.3250739574432373,0.8209624886512756,-1.9169459342956543,0.9632149934768677
-0.10000000149011612,0.0008039623498916626,-0.0010348029900342226,0.20579621195793152,-0.0306217260658741,1.1071693897247314,0.8403130769729614,-11.016181945800781,-1.6180753707885742
-0.10000000149011612,0.0008039623498916626,-0.0009315907373093069,0.0,-0.029054949060082436,0.7924978137016296,0.8079375624656677,-17.199386596679688,-2.663668155670166
-0.10000000149011612,0.0035479217767715454,0.0001818978926166892,0.13719797134399414,-0.022186607122421265,0.20308473706245422,0.7544836401939392,-32.86351013183594,-2.543571710586548
-0.10000000149011612,0.0035479217767715454,0.0009462246671319008,0.0,-0.01621462218463421,-0.35300761461257935,0.7032806277275085,-27.397863388061523,-1.1707673072814941
-0.10000000149011612,-0.006055921316146851,-0.002243880880996585,-0.4801921546459198,-0.026570890098810196,-0.520443320274353,0.6794968247413635,3.3807637691497803,0.6318012475967407
-0.10000000149011612,-0.006055921316146851,-0.004358917940407991,0.0,-0.03203241527080536,-0.22112222015857697,0.6918618679046631,25.518165588378906,0.6158129572868347
-0.10000000149011612,-0.006055921316146851,-0.005708370823413134,0.0,-0.03485201299190521,0.25267893075942993,0.7040460705757141,36.08305358886719,-0.13772718608379364
-0.10000000149011612,-0.006055921316146851,-0.006576142739504576,0.0,-0.035640545189380646,0.3584304451942444,0.7011877298355103,-2.4054956436157227,-0.8461164832115173
-0.10000000149011612,-0.0033119618892669678,-0.006082955282181501,0.13719797134399414,-0.02991878241300583,-0.027889231219887733,0.684047281742096,-17.18412208557129,-1.043402075767517
-0.10000000149011612,0.00011798739433288574,-0.004340313374996185,0.17149746417999268,-0.019377585500478745,-0.20106780529022217,0.6629149317741394,-3.031450033187866,-0.3335582911968231
-0.10000000149011612,0.00011798739433288574,-0.0030627408996224403,0.0,-0.012044725939631462,-0.15346601605415344,0.6559997200965881,2.815878391265869,1.3606051206588745
-0.10000000149011612,-0.010171845555305481,-0.006155089475214481,-0.5144916772842407,-0.02364429458975792,-0.005067138001322746,0.683012068271637,6.3731303215026855,3.261972188949585
-0.10000000149011612,-0.010857835412025452,-0.008506429381668568,-0.034299492835998535,-0.03166445717215538,0.32382726669311523,0.7481427788734436,15.518167495727539,3.0873844623565674
-0.10000000149011612,-0.00948585569858551,-0.009552625007927418,0.06859898567199707,-0.0338045209646225,0.4564690887928009,0.809802770614624,7.426565170288086,2.044982671737671
-0.10000000149011612,-0.006741911172866821,-0.009161807596683502,0.13719722628593445,-0.029927220195531845,0.46650564670562744,0.8505999445915222,0.006718344520777464,1.1729148626327515
-0.10000000149011612,-0.006741911172866821,-0.008846735581755638,0.0,-0.026926519349217415,0.5056126117706299,0.873955249786377,0.5868707299232483,1.0926722288131714
-0.10000000149011612,-0.006741911172866821,-0.00858757458627224,0.0,-0.024745013564825058,0.6041715145111084,0.8957281708717346,1.7471760511398315,1.4260858297348022
-0.10000000149011612,-0.0033119618892669678,-0.007047831080853939,0.17149746417999268,-0.017559204250574112,0.5723212361335754,0.9241539239883423,-3.077251434326172,2.005418300628662
-0.10000000149011612,-0.0033119618892669678,-0.005981939844787121,0.0,-0.012887949123978615,0.45777279138565063,0.9641231894493103,-5.229923248291016,3.3111958503723145
-0.10000000149011612,-0.013601794838905334,-0.009295695461332798,-0.5144916772842407,-0.026110686361789703,0.2587442696094513,1.0301339626312256,-10.115419387817383,4.807924747467041
-0.10000000149011612,-0.010171845555305481,-0.010295596905052662,0.17149746417999268,-0.027127161622047424,-0.31398841738700867,1.1258890628814697,-26.939847946166992,4.561505317687988
-0.10000000149011612,-0.010171845555305481,-0.01099269837141037,0.0,-0.025500671938061714,-0.9045540690422058,1.2165100574493408,-24.61923599243164,4.427170276641846
-0.10000000149011612,-0.006741911172866821,-0.010072251781821251,0.17149671912193298,-0.017030561342835426,-1.133472204208374,1.3043493032455444,-10.436029434204102,4.426729202270508
-0.10000000149011612,-0.006055921316146851,-0.009031952358782291,0.034299492835998535,-0.010297296568751335,-0.6225267052650452,1.3923066854476929,17.563968658447266,4.906622886657715
-0.10000000149011612,-0.006741911172866821,-0.00845037680119276,-0.034299492835998535,-0.00838620588183403,0.2951449751853943,1.4901105165481567,44.25099182128906,5.393083572387695
-0.10000000149011612,-0.006055921316146851,-0.007733351085335016,0.034299492835998535,-0.0077393539249897,0.9561281800270081,1.5978124141693115,34.831146240234375,5.585935592651367
-0.10000000149011612,-0.006055921316146851,-0.007254342082887888,0.0,-0.009148458018898964,1.363601565361023,1.7094612121582031,18.23572540283203,5.644724369049072
-0.10000000149011612,-0.017031744122505188,-0.011284797452390194,-0.5487911701202393,-0.029193241149187088,1.5424630641937256,1.8223037719726562,6.250992774963379,5.5467848777771
-0.10000000149011612,-0.0039979517459869385,-0.008998246863484383,0.6516896486282349,-0.02233961969614029,1.976591944694519,1.9332871437072754,26.11358642578125,3.199514389038086
-0.10000000149011612,-0.013601794838905334,-0.011214951053261757,-0.4801921546459198,-0.03532233089208603,2.270873546600342,1.9973777532577515,9.350229263305664,2.4930222034454346
-0.10000000149011612,-0.010171845555305481,-0.011488509364426136,0.17149746417999268,-0.03887860104441643,2.239372968673706,2.0473110675811768,-5.474197864532471,0.9177536964416504
-0.10000000149011612,-0.020461678504943848,-0.015789631754159927,-0.5144916772842407,-0.05778491124510765,1.9686838388442993,2.065640687942505,-9.886411666870117,-0.059192925691604614
-0.10000000149011612,-0.016345754265785217,-0.01716649904847145,0.20579621195793152,-0.06278170645236969,2.0328338146209717,2.0644471645355225,-2.5123658180236816,-2.495476007461548
-0.10000000149011612,-0.013601794838905334,-0.017051992937922478,0.13719797134399414,-0.06060325726866722,1.7993444204330444,2.014458656311035,-10.252823829650879,-4.174462795257568
-0.10000000149011612,-0.020461678504943848,-0.01966596394777298,-0.34299418330192566,-0.06869585067033768,1.3545678853988647,1.9307706356048584,-18.98564910888672,-4.4491400718688965
-0.10000000149011612,-0.017031744122505188,-0.02011081762611866,0.17149671912193298,-0.06593582779169083,0.9005269408226013,1.8414791822433472,-23.199386596679688,-4.974609375
-0.10000000149011612,-0.0238916277885437,-0.02307806722819805,-0.34299418330192566,-0.0719900131225586,0.1693725883960724,1.7414846420288086,-34.58869934082031,-4.410496234893799
-0.10000000149011612,-0.030065521597862244,-0.027473919093608856,-0.3086946904659271,-0.08166148513555527,-0.4421815276145935,1.6526182889938354,-26.37495994567871,-4.271317958831787
-0.10000000149011612,-0.02663557231426239,-0.02899402566254139,0.17149746417999268,-0.07833606004714966,-0.5007948279380798,1.566546082496643,-1.1535873413085938,-5.174844741821289
-0.10000000149011612,-0.0238916277885437,-0.028771035373210907,0.13719722628593445,-0.06819828599691391,-0.5275365114212036,1.4624220132827759,0.7548097372055054,-5.354948043823242
-0.10000000149011612,-0.030065521597862244,-0.030837489292025566,-0.3086946904659271,-0.06854703277349472,-0.4906553328037262,1.3547369241714478,-2.1306865215301514,-4.334497928619385
-0.10000000149011612,-0.030751511454582214,-0.03235291689634323,-0.034299492835998535,-0.06668999791145325,-0.42701342701911926,1.2675124406814575,4.709007740020752,-3.7104828357696533
-0.10000000149011612,-0.02732156217098236,-0.03185435011982918,0.17149746417999268,-0.05751505121588707,-0.12167287617921829,1.1928869485855103,9.7777099609375,-3.2460110187530518
-0.10000000149011612,-0.03692540526390076,-0.0350966602563858,-0.4801921546459198,-0.06514953821897507,0.14121213555335999,1.1276501417160034,6.098320960998535,-2.0467543601989746
-0.10000000149011612,-0.034181445837020874,-0.036133404821157455,0.13719797134399414,-0.06304194778203964,0.20429229736328125,1.0864382982254028,4.327328681945801,-2.12126088142395
-0.10000000149011612,-0.0334954559803009,-0.03643627464771271,0.034299492835998535,-0.05846231430768967,0.3306373357772827,1.0437867641448975,5.838778972625732,-2.0083484649658203
-0.10000000149011612,-0.034181445837020874,-0.0367923341691494,-0.034299492835998535,-0.05462563410401344,0.34122124314308167,1.003409504890442,-0.5734349489212036,-1.4347684383392334
-0.10000000149011612,-0.034181445837020874,-0.03692876920104027,0.0,-0.05030006542801857,0.3347260653972626,0.9745140671730042,-0.28335806727409363,-0.6465821266174316
-0.10000000149011612,-0.034181445837020874,-0.03691522032022476,0.0,-0.04601246491074562,0.40599197149276733,0.9614124298095703,1.0143518447875977,0.27335885167121887
-0.10000000149011612,-0.0334954559803009,-0.036548469215631485,0.034299492835998535,-0.040841713547706604,0.432785302400589,0.9667216539382935,0.8769471645355225,1.2759394645690918
-0.10000000149011612,-0.034181445837020874,-0.036473385989665985,-0.034299492835998535,-0.0378728024661541,0.6119027137756348,0.9921344518661499,6.983817100524902,2.3312792778015137
-0.10000000149011612,-0.0334954559803009,-0.03607214614748955,0.034299492835998535,-0.03463324159383774,0.9115418791770935,1.0387364625930786,11.716641426086426,3.115084409713745
-0.10000000149011612,-0.034181445837020874,-0.03602634742856026,-0.034299492835998535,-0.03348560258746147,1.0156009197235107,1.1010315418243408,5.518167972564697,3.8541741371154785
-0.10000000149011612,-0.034181445837020874,-0.035967204719781876,0.0,-0.03279620409011841,1.1612274646759033,1.1781333684921265,7.502901077270508,4.307749271392822
-0.10000000149011612,-0.034181445837020874,-0.03590235486626625,0.0,-0.03274302929639816,1.3892275094985962,1.2643519639968872,10.861680030822754,4.490200042724609
-0.10000000149011612,-0.0334954559803009,-0.03558490797877312,0.034299492835998535,-0.0321175642311573,1.5571831464767456,1.354244351387024,6.92274808883667,4.4782185554504395
-0.10000000149011612,-0.0334954559803009,-0.03537888824939728,0.0,-0.0322970449924469,1.651489496231079,1.443898320198059,6.067786693572998,4.460834980010986
-0.10000000149011612,-0.034181445837020874,-0.035519957542419434,-0.034299492835998535,-0.03427194803953171,1.8010014295578003,1.5332224369049072,7.105954170227051,4.343685626983643
-0.10000000149011612,-0.034181445837020874,-0.03564341738820076,0.0,-0.036256253719329834,1.908728003501892,1.6202090978622437,3.243359327316284,4.008908271789551
-0.10000000149011612,-0.034181445837020874,-0.03576122224330902,0.0,-0.038178056478500366,1.9653900861740112,1.7004910707473755,3.0143516063690186,3.5783610343933105
-0.10000000149011612,-0.0334954559803009,-0.035603854805231094,0.034299492835998535,-0.03896978124976158,2.0325255393981934,1.7721583843231201,1.9609166383743286,3.108715295791626
-0.10000000149011612,-0.034181445837020874,-0.035799529403448105,-0.034299492835998535,-0.04116149619221687,2.0363433361053467,1.8344122171401978,-0.9093124866485596,2.791350841522217
-0.10000000149011612,-0.034181445837020874,-0.03596951812505722,0.0,-0.043016217648983,2.02714204788208,1.8902974128723145,0.03725270554423332,2.4386448860168457
-0.10000000149011612,-0.034181445837020874,-0.03611159324645996,0.0,-0.04467304050922394,2.067120313644409,1.9391237497329712,0.44946613907814026,2.0845859050750732
-0.10000000149011612,-0.0334954559803009,-0.03596821054816246,0.034299492835998535,-0.04499012976884842,2.057558536529541,1.980851411819458,-0.5123658180236816,1.7884845733642578
-0.10000000149011612,-0.034181445837020874,-0.03616062179207802,-0.034299492835998535,-0.04665509611368179,2.0542476177215576,2.0166432857513428,0.128855362534523,1.6806751489639282
-0.10000000149011612,-0.0334954559803009,-0.03604494035243988,0.034299492835998535,-0.04691920429468155,2.0623555183410645,2.0502710342407227,-0.008549261838197708,1.5448471307754517
-0.10000000149011612,-0.0334954559803009,-0.035983867943286896,0.0,-0.047382961958646774,2.055975914001465,2.081170082092285,-0.008549261838197708,1.5516867637634277
-0.10000000149011612,-0.034181445837020874,-0.03622563183307648,-0.034299492835998535,-0.04909519851207733,2.078235626220703,2.112203359603882,0.09832099825143814,1.61341392993927
-0.10000000149011612,-0.034181445837020874,-0.036410968750715256,0.0,-0.05037902668118477,2.068753480911255,2.1444590091705322,-0.3138928711414337,1.5854207277297974
-0.10000000149011612,-0.034181445837020874,-0.03655169904232025,0.0,-0.05137549340724945,2.0776610374450684,2.176147937774658,0.021985096856951714,1.5303003787994385
-0.10000000149011612,-0.0334954559803009,-0.03639243543148041,0.034299492835998535,-0.051041360944509506,2.0695371627807617,2.2067227363586426,-0.054350800812244415,1.494874119758606
-0.10000000149011612,-0.0334954559803009,-0.03629184141755104,0.0,-0.05100783705711365,2.070549249649048,2.2365798950195312,0.2509927749633789,1.6105711460113525
-0.10000000149011612,-0.0334954559803009,-0.03622904419898987,0.0,-0.05124308168888092,2.109879493713379,2.26875376701355,2.250993013381958,1.7693220376968384
-0.10000000149011612,-0.0334954559803009,-0.03619086742401123,0.0,-0.05175555869936943,2.188917875289917,2.304116725921631,3.7624433040618896,1.9049021005630493
-0.10000000149011612,-0.0334954559803009,-0.03617194667458534,0.0,-0.05253002792596817,2.2838141918182373,2.3422091007232666,4.403664588928223,1.9890587329864502
-0.10000000149011612,-0.034181445837020874,-0.036442648619413376,-0.034299492835998535,-0.054551973938941956,2.3423984050750732,2.381990671157837,3.2738935947418213,2.0325839519500732
-0.10000000149011612,-0.034181445837020874,-0.0366470143198967,0.0,-0.056205447763204575,2.389328718185425,2.422644853591919,2.2051913738250732,1.9192986488342285
-0.10000000149011612,-0.034181445837020874,-0.036807116121053696,0.0,-0.05754595249891281,2.4026401042938232,2.4610252380371094,-0.344427227973938,1.762518286705017
-0.10000000149011612,-0.034181445837020874,-0.03693728148937225,0.0,-0.05858628451824188,2.3811702728271484,2.4962522983551025,-0.29862526059150696,1.6300121545791626
-0.10000000149011612,-0.034181445837020874,-0.037039946764707565,0.0,-0.059437695890665054,2.3894991874694824,2.5288209915161133,0.40366458892822266,1.5304386615753174
-0.10000000149011612,-0.0334954559803009,-0.03685443475842476,0.034299492835998535,-0.059030428528785706,2.38417387008667,2.559386968612671,-0.25282371044158936,1.4803444147109985
-0.10000000149011612,-0.034181445837020874,-0.037006083875894547,-0.034299492835998535,-0.06004228815436363,2.376209020614624,2.5889394283294678,0.14412254095077515,1.599951982498169
-0.10000000149011612,-0.034181445837020874,-0.03711904212832451,0.0,-0.06085686758160591,2.400874376296997,2.620882511138916,1.6097713708877563,1.6533098220825195
-0.10000000149011612,-0.0334954559803009,-0.036931298673152924,0.034299492835998535,-0.060543231666088104,2.4725193977355957,2.653904914855957,4.312061309814453,1.6591413021087646
-0.10000000149011612,-0.034181445837020874,-0.03707440197467804,-0.034299492835998535,-0.061828531324863434,2.557621955871582,2.6870594024658203,6.449466228485107,1.7561746835708618
-0.10000000149011612,-0.034181445837020874,-0.03718297556042671,0.0,-0.063019759953022,2.632408857345581,2.7221670150756836,3.2280921936035156,1.7475409507751465
-0.10000000149011612,-0.0334954559803009,-0.03700222074985504,0.034299492835998535,-0.06304565817117691,2.6859548091888428,2.7571074962615967,3.396030902862549,1.6937512159347534
-0.10000000149011612,-0.034181445837020874,-0.03715495765209198,-0.034299492835998535,-0.0646800696849823,2.787099838256836,2.790992021560669,5.029618740081787,1.7201333045959473
-0.10000000149011612,-0.034181445837020874,-0.037280235439538956,0.0,-0.06612168997526169,2.823997974395752,2.8254051208496094,1.1212220191955566,1.6614214181900024
-0.10000000149011612,-0.034181445837020874,-0.037391696125268936,0.0,-0.06729458272457123,2.794090509414673,2.8586249351501465,-0.9093124866485596,1.5994925498962402
-0.10000000149011612,-0.034181445837020874,-0.03748737648129463,0.0,-0.06826455146074295,2.78297758102417,2.8905928134918213,-0.5429001450538635,1.549451470375061
-0.10000000149011612,-0.034181445837020874,-0.03756590187549591,0.0,-0.06912652403116226,2.805610179901123,2.9215569496154785,0.006718344520777464,1.5095635652542114
-0.10000000149011612,-0.034181445837020874,-0.03763379529118538,0.0,-0.06987132132053375,2.8076329231262207,2.9517147541046143,0.14412254095077515,1.4977055788040161
-0.10000000149011612,-0.034181445837020874,-0.03768858686089516,0.0,-0.0705990344285965,2.8517494201660156,2.9816396236419678,-0.3138928711414337,1.4940910339355469
-0.10000000149011612,-0.034181445837020874,-0.037740714848041534,0.0,-0.0712231770157814,2.839190721511841,3.011479377746582,-2.3138926029205322,1.525678277015686
-0.10000000149011612,-0.034181445837020874,-0.037807244807481766,0.0,-0.07140747457742691,2.6455628871917725,3.041883945465088,-13.19938850402832,1.6694424152374268
-0.10000000149011612,-0.034181445837020874,-0.03789392486214638,0.0,-0.07076273113489151,2.2507169246673584,3.07503604888916,-19.932212829589844,1.9966260194778442
-0.10000000149011612,-0.0334954559803009,-0.03771154209971428,0.034299492835998535,-0.06812615692615509,1.818247675895691,3.1145925521850586,-21.061983108520508,2.4910619258880615
-0.10000000149011612,-0.034181445837020874,-0.0378231517970562,-0.034299492835998535,-0.06695837527513504,1.7927665710449219,3.164017915725708,-2.0848848819732666,3.0553195476531982
-0.10000000149011612,-0.034181445837020874,-0.037848182022571564,0.0,-0.06617269665002823,2.0371954441070557,3.2247869968414307,18.021984100341797,3.3609347343444824
-0.10000000149011612,-0.034181445837020874,-0.03779054805636406,0.0,-0.06664270162582397,2.669379711151123,3.291839838027954,27.71664047241211,3.2962067127227783
-0.10000000149011612,-0.0334954559803009,-0.03746476024389267,0.034299492835998535,-0.06689375638961792,3.050079584121704,3.3576924800872803,14.434199333190918,3.049785614013672
-0.10000000149011612,-0.030065521597862244,-0.035933881998062134,0.17149671912193298,-0.06227971613407135,3.0549967288970947,3.4185988903045654,-1.0314499139785767,2.9390087127685547
-0.10000000149011612,-0.030065521597862244,-0.03492121770977974,0.0,-0.060242023319005966,3.008960485458374,3.477257490158081,-0.4054954946041107,3.4821970462799072
-0.10000000149011612,-0.04104134440422058,-0.03857385367155075,-0.5487911701202393,-0.07735253870487213,2.977950096130371,3.546750545501709,-3.275723934173584,4.150791168212891
-0.10000000149011612,-0.03692540526390076,-0.03955701366066933,0.2057969570159912,-0.08110561966896057,2.7270278930664062,3.629520893096924,-10.161221504211426,2.871588706970215
-0.10000000149011612,-0.03692540526390076,-0.040248483419418335,0.0,-0.08306105434894562,2.6252779960632324,3.6866517066955566,-6.955114841461182,1.6883913278579712
-0.10000000149011612,-0.03761139512062073,-0.04099607467651367,-0.034299492835998535,-0.08474677056074142,2.4908533096313477,3.7200613021850586,-8.848243713378906,0.8101617693901062
-0.10000000149011612,-0.0334954559803009,-0.039893753826618195,0.2057969570159912,-0.07832056283950806,2.305180072784424,3.7358415126800537,-9.6726713180542,0.20130343735218048
-0.10000000149011612,-0.034181445837020874,-0.03937999904155731,-0.034299492835998535,-0.07469926029443741,2.156649589538574,3.7393951416015625,-7.290991306304932,0.6424243450164795
-0.10000000149011612,-0.04378528892993927,-0.042779095470905304,-0.4801921546459198,-0.08690769225358963,1.9482338428497314,3.7517051696777344,-13.2146577835083,1.47348952293396
-0.10000000149011612,-0.04447127878665924,-0.045409735292196274,-0.034299492835998535,-0.09345263987779617,1.4568002223968506,3.7804861068725586,-23.749006271362305,0.8988794684410095
-0.10000000149011612,-0.04378528892993927,-0.04692661762237549,0.034299492835998535,-0.0935375913977623,0.9375913739204407,3.7976109981536865,-24.374961853027344,-0.03445151448249817
-0.10000000149011612,-0.04378528892993927,-0.047887690365314484,0.0,-0.09055861085653305,0.5866769552230835,3.79595947265625,-15.214656829833984,-0.6119915843009949
-0.10000000149011612,-0.04447127878665924,-0.048691678792238235,-0.034299492835998535,-0.08704619854688644,0.4823211133480072,3.7827260494232178,0.2967943251132965,-0.7505293488502502
-0.10000000149011612,-0.04447127878665924,-0.04906782507896423,0.0,-0.08314726501703262,0.895000159740448,3.766849994659424,29.411298751831055,-0.7807043790817261
-0.10000000149011612,-0.04447127878665924,-0.049141775816679,0.0,-0.08019867539405823,1.647484302520752,3.750601053237915,44.8922119140625,-0.7956977486610413
-0.10000000149011612,-0.04447127878665924,-0.04906599223613739,0.0,-0.07836098968982697,2.249174118041992,3.7342376708984375,29.79297637939453,-0.73566734790802
-0.10000000149011612,-0.04104134440422058,-0.047600243240594864,0.17149671912193298,-0.07194475829601288,2.6233391761779785,3.7191927433013916,16.510534286499023,-0.5684574246406555
-0.10000000149011612,-0.03692540526390076,-0.04492608457803726,0.2057969570159912,-0.06228508800268173,3.025691270828247,3.7076175212860107,20.418930053710938,0.19863994419574738
-0.10000000149011612,-0.03692540526390076,-0.0430445671081543,0.0,-0.05835898593068123,3.633148670196533,3.7115695476531982,23.930377960205078,1.651572585105896
-0.10000000149011612,-0.047215238213539124,-0.04581361263990402,-0.5144916772842407,-0.07469765096902847,4.033581256866455,3.744696855545044,13.563969612121582,3.0557737350463867
-0.10000000149011612,-0.04378528892993927,-0.04646565020084381,0.17149746417999268,-0.08098778128623962,4.216864109039307,3.8059544563293457,12.632672309875488,2.294771432876587
-0.10000000149011612,-0.04104134440422058,-0.04589835926890373,0.13719722628593445,-0.08211634308099747,4.423983097076416,3.852036476135254,10.785344123840332,1.2091468572616577
-0.10000000149011612,-0.047215238213539124,-0.047996796667575836,-0.3086946904659271,-0.09403031319379807,4.450479030609131,3.876398801803589,-2.542900323867798,0.6128441691398621
-0.10000000149011612,-0.04378528892993927,-0.04817664623260498,0.17149746417999268,-0.09663178771734238,4.3832478523254395,3.8888087272644043,-8.329158782958984,-0.7836751937866211
-0.10000000149011612,-0.051331162452697754,-0.051311150193214417,-0.3772936761379242,-0.1105816662311554,4.229526042938232,3.873236894607544,-3.9474802017211914,-1.6299434900283813
-0.10000000149011612,-0.05750507116317749,-0.05591999366879463,-0.3086954355239868,-0.12874609231948853,4.16891622543335,3.8407254219055176,-9.764274597167969,-3.403472661972046
-0.10000000149011612,-0.06093500554561615,-0.06047644838690758,-0.17149671912193298,-0.1434236317873001,3.6741952896118164,3.7726049423217773,-18.54290008544922,-6.030083179473877
-0.10000000149011612,-0.064364954829216,-0.06491910666227341,-0.17149746417999268,-0.15494467318058014,3.265882730484009,3.651850461959839,-21.13831901550293,-8.885575294494629
-0.10000000149011612,-0.05750507116317749,-0.06521504372358322,0.34299418330192566,-0.14674748480319977,2.6332108974456787,3.473834753036499,-23.12305450439453,-11.423839569091797
-0.10000000149011612,-0.06162099540233612,-0.06688113510608673,-0.20579621195793152,-0.14366890490055084,2.0809385776519775,3.244940757751465,-37.01618194580078,-11.63884162902832
-0.10000000149011612,-0.0739687979221344,-0.07272893935441971,-0.6173901557922363,-0.15589818358421326,1.2701091766357422,3.0115699768066406,-32.49709701538086,-10.821066856384277
-0.10000000149011612,-0.07739873230457306,-0.07787597924470901,-0.17149671912193298,-0.16311562061309814,1.0170795917510986,2.7945492267608643,-7.168853282928467,-11.411003112792969
-0.10000000149011612,-0.06848087906837463,-0.0776357501745224,0.44589266180992126,-0.14745385944843292,1.0100117921829224,2.5657958984375,0.6021379232406616,-12.548697471618652
-0.10000000149011612,-0.08425863087177277,-0.08334854990243912,-0.788887619972229,-0.15731731057167053,0.8769897818565369,2.3143138885498047,-10.451297760009766,-11.460441589355469
-0.10000000149011612,-0.08700257539749146,-0.08808691054582596,-0.13719722628593445,-0.1615198254585266,0.7105568647384644,2.084623098373413,-7.886411190032959,-11.736294746398926
-0.10000000149011612,-0.09043252468109131,-0.09238094091415405,-0.17149746417999268,-0.1631041020154953,0.6384172439575195,1.849462866783142,-1.6116024255752563,-12.38457202911377
-0.10000000149011612,-0.09043252468109131,-0.09502245485782623,0.0,-0.1571306437253952,0.42122745513916016,1.6013433933258057,-13.123051643371582,-12.93177318572998
-0.10000000149011612,-0.09454844892024994,-0.09814494848251343,-0.20579621195793152,-0.15253470838069916,-0.054627373814582825,1.3422112464904785,-25.29099464416504,-12.483938217163086
-0.10000000149011612,-0.09729240834712982,-0.10106144845485687,-0.13719797134399414,-0.14606960117816925,-0.6561160087585449,1.0919331312179565,-26.207021713256836,-11.54934310913086
-0.10000000149011612,-0.11032619327306747,-0.10783132165670395,-0.6516892313957214,-0.15481892228126526,-1.093534231185913,0.8602887988090515,-27.97801399230957,-10.277910232543945
-0.10000000149011612,-0.11307014524936676,-0.11321818083524704,-0.1371975988149643,-0.15579470992088318,-1.5188307762145996,0.6540157794952393,-17.825342178344727,-10.564735412597656
-0.10000000149011612,-0.10415229201316833,-0.11299092322587967,0.44589266180992126,-0.13391350209712982,-1.434633731842041,0.4420962929725647,-2.283358335494995,-11.331788063049316
-0.10000000149011612,-0.11032619327306747,-0.1148054227232933,-0.30869507789611816,-0.12288855016231537,-1.360647439956665,0.2149202525615692,0.9532830715179443,-9.862344741821289
-0.10000000149011612,-0.11307014524936676,-0.11674078553915024,-0.1371975988149643,-0.11347965151071548,-1.3598589897155762,0.017201270908117294,2.5563364028930664,-8.080817222595215
-0.10000000149011612,-0.11650009453296661,-0.11905612051486969,-0.17149746417999268,-0.10651574283838272,-1.3832329511642456,-0.14483514428138733,8.495267868041992,-6.311425685882568
-0.10000000149011612,-0.12267398834228516,-0.12269702553749084,-0.3086946904659271,-0.1063394695520401,-1.0758991241455078,-0.2713436782360077,10.55633544921875,-5.027916431427002
-0.10000000149011612,-0.1288478970527649,-0.12730413675308228,-0.3086954355239868,-0.11025039851665497,-0.9755350351333618,-0.37211447954177856,2.6937406063079834,-4.713882923126221
-0.10000000149011612,-0.13296382129192352,-0.13179033994674683,-0.20579621195793152,-0.11306820809841156,-1.0092209577560425,-0.46658438444137573,-2.359694242477417,-5.42570161819458
-0.10000000149011612,-0.12678992748260498,-0.13215148448944092,0.3086946904659271,-0.09863658249378204,-1.055964469909668,-0.5752741694450378,-2.527632236480713,-6.670190334320068
-0.10000000149011612,-0.13296382129192352,-0.1344955414533615,-0.3086946904659271,-0.09374285489320755,-1.1057398319244385,-0.7088373303413391,-4.8024420738220215,-6.325410842895508
-0.10000000149011612,-0.126103937625885,-0.1331523060798645,0.34299418330192566,-0.07366110384464264,-1.4061377048492432,-0.8355531096458435,-11.871145248413086,-5.847776412963867
-0.10000000149011612,-0.13296382129192352,-0.13462306559085846,-0.34299418330192566,-0.0669199526309967,-1.5495086908340454,-0.9527227282524109,-9.123052597045898,-3.726919651031494
-0.10000000149011612,-0.13021986186504364,-0.13430650532245636,0.13719797134399414,-0.05338047444820404,-1.655084490776062,-1.0274710655212402,-1.871144413948059,-2.0591800212860107
-0.10000000149011612,-0.1357077658176422,-0.13599486649036407,-0.2743951976299286,-0.0492958128452301,-1.744867205619812,-1.0688700675964355,-6.023815631866455,-0.009056746028363705
-0.10000000149011612,-0.12953388690948486,-0.13455118238925934,0.30869394540786743,-0.03215152770280838,-2.086867332458496,-1.0693552494049072,-17.092517852783203,1.3176360130310059
-0.10000000149011612,-0.1357077658176422,-0.13579325377941132,-0.30869394540786743,-0.026885882019996643,-2.5283918380737305,-1.0434404611587524,-22.832977294921875,3.577124834060669
-0.10000000149011612,-0.1336498111486435,-0.13568653166294098,0.10289773344993591,-0.01569291576743126,-2.9970450401306152,-0.9724836349487305,-25.550533294677734,5.070283889770508
-0.10000000149011612,-0.1288478970527649,-0.13355350494384766,0.24009570479393005,0.0030699679628014565,-3.297368049621582,-0.8717740774154663,-8.741374969482422,6.546628475189209
-0.10000000149011612,-0.12678992748260498,-0.13106942176818848,0.1028984785079956,0.02065540850162506,-3.1444413661956787,-0.741521954536438,6.831145286560059,8.58914566040039
-0.10000000149011612,-0.13639375567436218,-0.13288894295692444,-0.4801914095878601,0.01647166721522808,-2.2070910930633545,-0.5701797604560852,49.22808837890625,10.519046783447266
-0.10000000149011612,-0.13296382129192352,-0.13264869153499603,0.17149671912193298,0.01862366870045662,-1.1686463356018066,-0.35997840762138367,54.6479377746582,10.037700653076172
-0.10000000149011612,-0.13296382129192352,-0.13241063058376312,0.0,0.018758395686745644,-0.46941423416137695,-0.15925729274749756,38.34259796142578,8.982819557189941
-0.10000000149011612,-0.126103937625885,-0.1295391023159027,0.34299418330192566,0.028129564598202705,0.09481922537088394,0.020476577803492546,25.47236442565918,7.549446105957031
-0.10000000149011612,-0.13639375567436218,-0.13161392509937286,-0.5144909024238586,0.015262752771377563,0.5028260350227356,0.1716088354587555,22.73954200744629,7.105287551879883
-0.10000000149011612,-0.13296382129192352,-0.13175737857818604,0.17149671912193298,0.010542809031903744,0.9734538793563843,0.3139548599720001,19.228092193603516,4.946218490600586
-0.10000000149011612,-0.12953388690948486,-0.1305946409702301,0.17149671912193298,0.011235472746193409,1.1211148500442505,0.4131218194961548,5.609771251678467,2.829573154449463
-0.10000000149011612,0.3479999899864197,0.05720296502113342,23.876693725585938,0.7698202133178711,1.0083891153335571,0.46998757123947144,-7.855876922607422,1.5602349042892456
-0.10000000149011612,0.3479999899864197,0.18657012283802032,0.0,1.2033731937408447,0.8348400592803955,0.5013598799705505,-3.489464521408081,84.3597640991211
-0.10000000149011612,0.3479999899864197,0.2739459276199341,0.0,1.4154117107391357,1.1024199724197388,2.188767671585083,16.525800704956055,185.19558715820312
-0.10000000149011612,-0.126103937625885,0.14548087120056152,-23.705196380615234,0.7235479950904846,1.8511972427368164,5.892498016357422,37.64030838012695,270.4336242675781
-0.10000000149011612,-0.1288478970527649,0.05216839164495468,-0.13719797134399414,0.24987134337425232,2.8781440258026123,11.300210952758789,55.80824661254883,243.14906311035156
-0.10000000149011612,-0.13021986186504364,-0.015026811510324478,-0.06859824061393738,-0.06899258494377136,3.9710335731506348,16.16095733642578,67.71663665771484,165.48776245117188
-0.10000000149011612,-0.1288478970527649,-0.062085170298814774,0.06859824061393738,-0.27554255723953247,5.326877593994141,19.467439651489258,80.03724670410156,74.0554428100586
-0.10000000149011612,-0.12678992748260498,-0.09426499158143997,0.1028984785079956,-0.402197927236557,6.2909698486328125,20.944583892822266,51.62504196166992,-10.490888595581055
-0.10000000149011612,-0.126103937625885,-0.11618250608444214,0.034299492835998535,-0.4750221073627472,6.954041004180908,20.730562210083008,18.73954200744629,-78.34537506103516
-0.10000000149011612,-0.126103937625885,-0.1309809386730194,0.0,-0.5095663666725159,6.622870445251465,19.159420013427734,-18.4360294342041,-126.27130126953125
-0.10000000149011612,-0.126103937625885,-0.14052443206310272,0.0,-0.5174548625946045,6.529646873474121,16.63020896911621,-24.75663948059082,-155.36012268066406
-0.10000000149011612,-0.126103937625885,-0.146290123462677,0.0,-0.5060300230979919,5.964696884155273,13.51980972290039,-38.4665641784668,-168.02891540527344
-0.10000000149011612,-0.126103937625885,-0.14938217401504517,0.0,-0.4800388216972351,4.715913772583008,10.156594276428223,-60.6955680847168,-167.30685424804688
-0.10000000149011612,-0.126103937625885,-0.15055416524410248,0.0,-0.4435349702835083,3.2401514053344727,6.808387279510498,-76.69556427001953,-156.53697204589844
-0.10000000149011612,-0.126103937625885,-0.1503591239452362,0.0,-0.39977768063545227,1.6698050498962402,3.6761112213134766,-76.80243682861328,-138.8319091796875
-0.10000000149011612,-0.12953388690948486,-0.15055344998836517,-0.17149746417999268,-0.35688093304634094,0.09503281861543655,0.8984030485153198,-75.84060668945312,-116.88984680175781
-0.10000000149011612,-0.12953388690948486,-0.14969949424266815,0.0,-0.30901312828063965,-1.540663242340088,-1.4401214122772217,-82.89403533935547,-93.47333526611328
-0.10000000149011612,-0.126103937625885,-0.14682453870773315,0.17149746417999268,-0.2527405619621277,-3.33534836769104,-3.3101518154144287,-94.4512939453125,-69.7381362915039
-0.10000000149011612,-0.12953388690948486,-0.1452656239271164,-0.17149746417999268,-0.20340421795845032,-4.9175190925598145,-4.705393314361572,-84.10014343261719,-46.207767486572266
-0.10000000149011612,-0.13021986186504364,-0.14355982840061188,-0.03429874777793884,-0.15593433380126953,-5.915789604187012,-5.629909038543701,-51.87113952636719,-24.98000717163086
-0.10000000149011612,0.3479999899864197,0.04586653411388397,23.910993576049805,0.6492998003959656,-6.110613822937012,-6.129554748535156,-10.497097969055176,-6.7856903076171875
-0.10000000149011612,0.3479999899864197,0.17724336683750153,0.0,1.1253125667572021,-5.979915142059326,-6.265162944793701,7.304427623748779,92.00524139404297
-0.10000000149011612,0.3479999899864197,0.2667200565338135,0.0,1.3750696182250977,-5.585039138793945,-4.4248199462890625,24.113588333129883,205.67434692382812
-0.10000000149011612,-0.12953388690948486,0.1389206200838089,-23.876693725585938,0.7107779383659363,-4.910159111022949,-0.3115580379962921,41.884578704833984,300.875
-0.10000000149011612,-0.13639375567436218,0.04492891579866409,-0.34299343824386597,0.2553078234195709,-3.7024059295654297,5.704869747161865,62.80061340332031,280.17144775390625
-0.10000000149011612,-0.13021986186504364,-0.019387725740671158,0.3086946904659271,-0.034178659319877625,-2.2901899814605713,11.305864334106445,75.22809600830078,205.67486572265625
-0.10000000149011612,-0.13639375567436218,-0.06710691750049591,-0.3086946904659271,-0.23037274181842804,-0.6206935048103333,15.415759086608887,81.99144744873047,116.4408950805664
-0.10000000149011612,-0.13296382129192352,-0.09898605942726135,0.17149671912193298,-0.3454119563102722,0.7261753678321838,17.740158081054688,85.68611145019531,31.45755958557129
-0.10000000149011612,-0.13639375567436218,-0.12210806459188461,-0.17149671912193298,-0.4164600074291229,2.1658620834350586,18.364627838134766,60.95328140258789,-38.420589447021484
-0.10000000149011612,-0.126103937625885,-0.13356441259384155,0.5144909024238586,-0.4336647689342499,2.7490289211273193,17.59153175354004,29.625036239624023,-90.25462341308594
-0.10000000149011612,-0.126103937625885,-0.14078068733215332,0.0,-0.4315391182899475,2.9316117763519287,15.782042503356934,5.380763530731201,-122.11339569091797
-0.10000000149011612,-0.126103937625885,-0.1449596881866455,0.0,-0.4157608449459076,2.796381711959839,13.335882186889648,-6.558166980743408,-137.40200805664062
-0.10000000149011612,-0.1357077658176422,-0.15073445439338684,-0.4801914095878601,-0.4058944284915924,2.4914345741271973,10.584590911865234,-20.573434829711914,-139.80191040039062
-0.10000000149011612,-0.13639375567436218,-0.15411211550235748,-0.034299492835998535,-0.3839377164840698,1.7998542785644531,7.785920143127441,-40.87877655029297,-134.34466552734375
-0.10000000149011612,-0.13296382129192352,-0.15421077609062195,0.17149671912193298,-0.3468044698238373,0.727790117263794,5.0969133377075195,-53.36732482910156,-122.76221466064453
-0.10000000149011612,-0.13021986186504364,-0.15230710804462433,0.13719797134399414,-0.3011544644832611,-0.5019499659538269,2.6399941444396973,-62.527626037597656,-106.213623046875
-0.10000000149011612,-0.13639375567436218,-0.15255101025104523,-0.3086946904659271,-0.26456138491630554,-1.9166890382766724,0.5143579244613647,-72.75663757324219,-86.34049987792969
-0.10000000149011612,-0.13296382129192352,-0.1505758911371231,0.17149671912193298,-0.21793510019779205,-3.564815044403076,-1.2136719226837158,-80.4512939453125,-66.23783874511719
-0.10000000149011612,-0.12678992748260498,-0.14597821235656738,0.3086946904659271,-0.1619316190481186,-4.8431549072265625,-2.539512872695923,-63.413124084472656,-46.14397430419922
-0.10000000149011612,-0.13639375567436218,-0.1457573026418686,-0.4801914095878601,-0.1277809888124466,-5.496108531951904,-3.4632773399353027,-32.268089294433594,-26.290313720703125
-0.10000000149011612,-0.1357077658176422,-0.14457964897155762,0.034299492835998535,-0.09305351972579956,-5.504587173461914,-3.989694118499756,-0.848243772983551,-10.122917175292969
-0.10000000149011612,-0.13639375567436218,-0.14335161447525024,-0.034299492835998535,-0.06256099790334702,-5.170984745025635,-4.192505359649658,16.357864379882812,2.907712697982788
-0.10000000149011612,-0.13639375567436218,-0.14192421734333038,0.0,-0.03582325577735901,-4.667255878448486,-4.13449239730835,27.9914493560791,12.920345306396484
-0.10000000149011612,-0.126103937625885,-0.1364004760980606,0.5144909024238586,0.0022065937519073486,-3.7164175510406494,-3.8759570121765137,45.74717712402344,20.076948165893555
-0.10000000149011612,-0.126103937625885,-0.1321866512298584,0.0,0.027562135830521584,-2.520781993865967,-3.4740095138549805,60.43419647216797,26.415687561035156
-0.10000000149011612,-0.13021986186504364,-0.13063748180866241,-0.20579621195793152,0.03582875430583954,-1.2005852460861206,-2.9450132846832275,62.51053237915039,30.803577423095703
-0.10000000149011612,-0.12953388690948486,-0.12920787930488586,0.03429874777793884,0.03983330354094505,-0.13865327835083008,-2.3280997276306152,59.47236633300781,32.25560760498047
-0.10000000149011612,-0.1288478970527649,-0.12793567776679993,0.034299492835998535,0.03964053839445114,1.016927719116211,-1.6819839477539062,58.64793395996094,31.420204162597656
-0.10000000149011612,-0.13021986186504364,-0.1276734471321106,-0.06859824061393738,0.03274257481098175,1.9616001844406128,-1.0524872541427612,45.7777099609375,28.96885108947754
-0.10000000149011612,-0.126103937625885,-0.12603513896465302,0.20579621195793152,0.03024887666106224,2.632746458053589,-0.47200435400009155,23.3349609375,25.123348236083984
-0.10000000149011612,-0.1357077658176422,-0.1288977563381195,-0.4801914095878601,0.009098154492676258,2.7494735717773438,0.031427133828401566,3.0601532459259033,21.38338279724121
-0.10000000149011612,-0.13296382129192352,-0.1300344169139862,0.13719722628593445,-0.0029976065270602703,2.7760307788848877,0.4599173665046692,-1.428396224975586,15.914664268493652
-0.10000000149011612,-0.13296382129192352,-0.13101689517498016,0.0,-0.01321176253259182,2.7121400833129883,0.7788857221603394,-3.153587579727173,10.560558319091797
-0.10000000149011612,-0.12953388690948486,-0.13052138686180115,0.17149671912193298,-0.016122259199619293,2.565948247909546,0.9906333088874817,-14.145953178405762,5.741564750671387
-0.10000000149011612,-0.12953388690948486,-0.13035564124584198,0.0,-0.01888335682451725,2.0034713745117188,1.1057686805725098,-17.336793899536133,2.4495038986206055
-0.10000000149011612,-0.13296382129192352,-0.13170059025287628,-0.17149671912193298,-0.026726484298706055,1.6518990993499756,1.1549221277236938,-17.794809341430664,0.15566107630729675
-0.10000000149011612,-0.13021986186504364,-0.13166403770446777,0.13719797134399414,-0.026728004217147827,1.0642509460449219,1.1580084562301636,-24.054349899291992,-1.878522515296936
-0.10000000149011612,-0.12953388690948486,-0.13142536580562592,0.03429874777793884,-0.024711892008781433,0.5443167686462402,1.120254397392273,-25.779539108276367,-2.915776491165161
-0.10000000149011612,-0.13021986186504364,-0.13151761889457703,-0.03429874777793884,-0.023953627794981003,0.4168887734413147,1.0617281198501587,-9.367327690124512,-3.277191638946533
-0.10000000149011612,-0.13296382129192352,-0.13262178003787994,-0.13719797134399414,-0.027489956468343735,0.47694095969200134,0.996008574962616,1.6555728912353516,-3.416710615158081
-0.10000000149011612,-0.13639375567436218,-0.13469265401363373,-0.17149671912193298,-0.034695353358983994,0.5639360547065735,0.9275439381599426,-0.5581672787666321,-3.884169816970825
-0.10000000149011612,-0.13021986186504364,-0.1336716264486313,0.3086946904659271,-0.02843574248254299,0.5524964928627014,0.8497489094734192,-3.5047316551208496,-4.910094261169434
-0.10000000149011612,-0.12267398834228516,-0.1299789994955063,0.3772936761379242,-0.011591540649533272,0.37440621852874756,0.7514066696166992,-4.4054951667785645,-4.727719783782959
-0.10000000149011612,-0.12953388690948486,-0.1300731748342514,-0.34299492835998535,-0.012034107930958271,0.3841106593608856,0.6567420959472656,-1.8253427743911743,-2.689338445663452
-0.10000000149011612,-0.1288478970527649,-0.12986083328723907,0.034299492835998535,-0.01112002320587635,0.386244535446167,0.6028744578361511,1.441832423210144,-1.371199369430542
-0.10000000149011612,-0.12953388690948486,-0.12997566163539886,-0.034299492835998535,-0.011629464104771614,0.397676944732666,0.5753889679908752,1.1212220191955566,-0.44231492280960083
-0.10000000149011612,-0.11650009453296661,-0.12494645267724991,0.6516896486282349,0.008829053491353989,0.3960627019405365,0.5664915442466736,-1.4131289720535278,0.043815795332193375
-0.10000000149011612,-0.11993003636598587,-0.12281522899866104,-0.17149709165096283,0.015005657449364662,0.45860689878463745,0.5673364996910095,0.8464127779006958,2.496019124984741
-0.10000000149011612,-0.11375613510608673,-0.11896730959415436,0.30869507789611816,0.02721904031932354,0.5518715977668762,0.6172540187835693,12.00671672821045,4.621330738067627
-0.10000000149011612,-0.11375613510608673,-0.11635448038578033,0.0,0.0321970209479332,0.8843734264373779,0.7097617387771606,15.258625030517578,7.029452323913574
-0.10000000149011612,-0.10346630215644836,-0.11062536388635635,0.5144916772842407,0.04876713082194328,1.0656691789627075,0.8504601120948792,18.54106903076172,8.880043983459473
-0.10000000149011612,-0.09454844892024994,-0.10325354337692261,0.44589266180992126,0.06823068112134933,1.8259211778640747,1.028356909751892,24.953283309936523,11.340712547302246
-0.10000000149011612,-0.0835726410150528,-0.09404994547367096,0.5487903952598572,0.09163378924131393,2.3084235191345215,1.2555590867996216,22.510534286499023,14.700870513916016
-0.10000000149011612,-0.05407512187957764,-0.07641146332025528,1.474876046180725,0.1455220878124237,2.692286491394043,1.5500155687332153,27.136489868164062,19.12248992919922
-0.10000000149011612,-0.05407512187957764,-0.0645664632320404,0.0,0.16783100366592407,3.3818135261535645,1.9330192804336548,36.05251693725586,27.40557098388672
-0.10000000149011612,-0.05819106101989746,-0.05848284438252449,-0.2057969570159912,0.16194665431976318,4.224172115325928,2.4818191528320312,45.48763656616211,34.59965133666992
-0.10000000149011612,-0.04378528892993927,-0.04920252785086632,0.7202886343002319,0.1668391227722168,5.310667991638184,3.174663782119751,56.12885284423828,37.759918212890625
-0.10000000149011612,-0.020461678504943848,-0.0342782661318779,1.1661804914474487,0.19098730385303497,6.442772388458252,3.9308481216430664,63.68610382080078,39.459251403808594
-0.10000000149011612,-0.04035535454750061,-0.03244131803512573,-0.9946838021278381,0.1552768498659134,7.9129133224487305,4.721226215362549,70.78533935546875,42.29170608520508
-0.10000000149011612,-0.030751511454582214,-0.02821356989443302,0.4801921546459198,0.12962386012077332,9.322683334350586,5.568441390991211,77.15176391601562,39.489288330078125
-0.10000000149011612,0.016581714153289795,-0.007610894739627838,2.366661310195923,0.17091333866119385,10.162498474121094,6.359614372253418,46.18992614746094,34.58873748779297
-0.10000000149011612,0.013837754726409912,0.00462588993832469,-0.13719797134399414,0.17208923399448395,10.508988380432129,7.052638530731201,9.808244705200195,36.18899917602539
-0.10000000149011612,0.010407805442810059,0.010674786753952503,-0.17149746417999268,0.14761267602443695,10.470210075378418,7.777444839477539,1.8998477458953857,37.96492385864258
-0.10000000149011612,0.016581714153289795,0.016225075349211693,0.3086954355239868,0.12312033772468567,10.614444732666016,8.53759479522705,5.48763370513916,36.90889358520508
-0.10000000149011612,0.013151764869689941,0.017694391310214996,-0.17149746417999268,0.08429968357086182,10.647924423217773,9.276405334472656,-2.7413737773895264,34.069637298583984
-0.10000000149011612,0.010407805442810059,0.016638435423374176,-0.13719797134399414,0.039782725274562836,10.40574836730957,9.958134651184082,-8.863511085510254,28.69924545288086
-0.10000000149011612,0.03235945105552673,0.023617157712578773,1.0975823402404785,0.03307703137397766,10.193861961364746,10.532193183898926,-9.29099178314209,21.140823364257812
-0.10000000149011612,0.051567137241363525,0.03517243266105652,0.9603843092918396,0.045869823545217514,9.961541175842285,10.954843521118164,-13.2299222946167,16.504436492919922
-0.10000000149011612,0.3479999899864197,0.15852925181388855,14.821642875671387,0.5114479660987854,9.690631866455078,11.284615516662598,-15.38259506225586,16.116918563842773
-0.10000000149011612,0.3479999899864197,0.24279601871967316,0.0,0.7648433446884155,9.316258430480957,11.606401443481445,-19.107786178588867,68.44508361816406
-0.10000000149011612,0.3479999899864197,0.2990574538707733,0.0,0.8754452466964722,9.063188552856445,12.974560737609863,-8.894044876098633,131.15463256835938
-0.10000000149011612,0.3479999899864197,0.335346519947052,0.0,0.8912534713745117,9.019440650939941,15.596476554870605,3.502901315689087,183.00523376464844
-0.10000000149011612,0.3479999899864197,0.35750851035118103,0.0,0.8451926708221436,9.389446258544922,19.25472068786621,18.693740844726562,215.3813018798828
-0.10000000149011612,0.3479999899864197,0.36973392963409424,0.0,0.7608276009559631,9.724684715270996,23.559486389160156,23.044885635375977,227.13800048828125
-0.10000000149011612,0.3479999899864197,0.3750990629196167,0.0,0.6543311476707458,10.198795318603516,28.098234176635742,26.159387588500977,220.78457641601562
-0.10000000149011612,0.3479999899864197,0.37584182620048523,0.0,0.5368281602859497,10.833773612976074,32.50873947143555,30.892215728759766,200.43714904785156
-0.10000000149011612,0.3479999899864197,0.3735557198524475,0.0,0.4163927435874939,11.366311073303223,36.51113510131836,21.915115356445312,170.68719482421875
-0.10000000149011612,0.3479999899864197,0.36936652660369873,0.0,0.2992129921913147,11.468260765075684,39.917362213134766,-1.199388861656189,135.91290283203125
-0.10000000149011612,0.3479999899864197,0.3641154170036316,0.0,0.1894136518239975,11.277832984924316,42.62702560424805,-11.64213752746582,99.70844268798828
-0.10000000149011612,0.3479999899864197,0.3584214746952057,0.0,0.08946216106414795,10.945185661315918,44.6116828918457,-17.1230525970459,64.79255676269531
-0.10000000149011612,0.3479999899864197,0.35272377729415894,0.0,0.0005899481475353241,10.573517799377441,45.89731979370117,-15.184121131896973,33.05988693237305
-0.10000000149011612,0.3479999899864197,0.3473137319087982,0.0,-0.0767873078584671,10.18681526184082,46.54780578613281,-9.993281364440918,5.705577850341797
-0.10000000149011612,0.3479999899864197,0.34240254759788513,0.0,-0.1434096246957779,10.104735374450684,46.65098571777344,-3.2909910678863525,-16.80063819885254
-0.10000000149011612,0.3479999899864197,0.33805185556411743,0.0,-0.19960343837738037,9.895509719848633,46.3039436340332,-11.138319969177246,-34.21577072143555
-0.10000000149011612,0.3479999899864197,0.33429357409477234,0.0,-0.246090367436409,9.66536808013916,45.608642578125,-14.100153923034668,-46.70548629760742
-0.10000000149011612,0.3479999899864197,0.3311273753643036,0.0,-0.28382188081741333,9.462794303894043,44.663692474365234,-7.031450271606445,-54.69216537475586
-0.10000000149011612,0.3479999899864197,0.32854166626930237,0.0,-0.31415900588035583,9.464105606079102,43.559295654296875,1.7624431848526,-58.82040786743164
-0.10000000149011612,0.3479999899864197,0.32650670409202576,0.0,-0.3387518525123596,9.803927421569824,42.372764587402344,15.350228309631348,-59.852725982666016
-0.10000000149011612,0.3479999899864197,0.3249398171901703,0.0,-0.35877731442451477,10.24382495880127,41.166072845458984,23.380762100219727,-58.435791015625
-0.10000000149011612,0.3479999899864197,0.3237645626068115,0.0,-0.37537524104118347,10.819253921508789,39.98825454711914,30.250993728637695,-55.21574401855469
-0.10000000149011612,0.3479999899864197,0.32289502024650574,0.0,-0.38935625553131104,11.413576126098633,38.87537384033203,25.945650100708008,-50.73088455200195
-0.10000000149011612,0.3479999899864197,0.32221925258636475,0.0,-0.40064719319343567,11.627622604370117,37.85258483886719,1.625038504600525,-45.27195358276367
-0.10000000149011612,0.3479999899864197,0.32166504859924316,0.0,-0.4089691638946533,11.430950164794922,36.93922424316406,-9.458930969238281,-39.076255798339844
-0.10000000149011612,0.3479999899864197,0.32121920585632324,0.0,-0.41447409987449646,11.094403266906738,36.14994812011719,-16.527633666992188,-32.4545783996582
-0.10000000149011612,0.3479999899864197,0.3208903670310974,0.0,-0.4177052676677704,10.829302787780762,35.49326705932617,-11.596333503723145,-25.73774528503418
-0.10000000149011612,0.3479999899864197,0.32068291306495667,0.0,-0.4194164276123047,10.744353294372559,34.971092224121094,-1.6726710796356201,-19.225635528564453
-0.10000000149011612,0.3479999899864197,0.32060977816581726,0.0,-0.42082932591438293,11.094903945922852,34.57941818237305,13.976183891296387,-13.265373229980469
-0.10000000149011612,0.3479999899864197,0.3206281363964081,0.0,-0.42263197898864746,11.614031791687012,34.30722427368164,19.45709991455078,-8.00172233581543
-0.10000000149011612,0.3479999899864197,0.3206384479999542,0.0,-0.42425209283828735,11.693390846252441,34.140411376953125,4.632672309875488,-3.259768009185791
-0.10000000149011612,0.3479999899864197,0.3206166625022888,0.0,-0.42541471123695374,11.570385932922363,34.06844711303711,-1.9932818412780762,1.0074297189712524
-0.10000000149011612,0.3479999899864197,0.32058680057525635,0.0,-0.4264126420021057,11.565019607543945,34.08184814453125,0.8311456441879272,4.718760013580322
-0.10000000149011612,0.3479999899864197,0.3205472528934479,0.0,-0.4273412823677063,11.564177513122559,34.169471740722656,-0.6039688587188721,7.88946008682251
0.10000000149011612,0.3479999899864197,0.3204907774925232,0.0,-0.428173691034317,11.513029098510742,34.320465087890625,-0.06961755454540253,10.576379776000977
0.10000000149011612,0.3479999899864197,0.3204256296157837,0.0,-0.4290716052055359,11.522722244262695,34.5251579284668,0.31206193566322327,12.269978523254395
0.10000000149011612,0.3479999899864197,0.3203448951244354,0.0,-0.43000832200050354,11.495712280273438,34.76365280151367,-0.37496113777160645,13.251974105834961
0.10000000149011612,0.3479999899864197,0.3202536702156067,0.0,-0.43105554580688477,11.50065803527832,35.02172088623047,0.06778663396835327,13.707813262939453
0.10000000149011612,0.3479999899864197,0.3201514482498169,0.0,-0.43220406770706177,11.500226020812988,35.288822174072266,0.22045843303203583,13.79704761505127
