0.09000000357627869,-0.006055921316146851,-0.0025076493620872498,0.034299492835998535,0.07823561131954193,-3.0168421268463135,-2.9988179206848145,0.013435408473014832,-0.09927846491336823
0.09000000357627869,-0.006055921316146851,-0.0023351479321718216,0.0,0.07888719439506531,-3.0187971591949463,-3.000810146331787,0.0439697690308094,-0.03263897821307182
0.09000000357627869,-0.006741911172866821,-0.0024851614143699408,-0.034299492835998535,0.07814085483551025,-3.0126852989196777,-3.00146746635437,0.12030566483736038,0.0511261448264122
0.09000000357627869,-0.006055921316146851,-0.0025076493620872498,0.034299492835998535,0.07823561131954193,-3.0168421268463135,-2.9988179206848145,0.013435408473014832,-0.09927846491336823
0.09000000357627869,-0.006055921316146851,-0.0023351479321718216,0.0,0.07888719439506531,-3.0187971591949463,-3.000810146331787,0.0439697690308094,-0.03263897821307182
0.09000000357627869,-0.006741911172866821,-0.0024851614143699408,-0.034299492835998535,0.07814085483551025,-3.0126852989196777,-3.00146746635437,0.12030566483736038,0.0511261448264122
-0.09000000357627869,0.004233911633491516,0.0016583673423156142,0.2116955816745758,0.0067444113083183765,-0.004791903309524059,-5.907887725697947e-07,-0.05496210232377052,0.002222163137048483
-0.09000000357627869,0.004233911633491516,0.0028031086549162865,0.0,0.010591190308332443,0.007549162022769451,4.663250729208812e-05,1.15114426612854,11.672139167785645
-0.09000000357627869,0.004233911633491516,0.0035819823388010263,0.0,0.01237371377646923,0.06466059386730194,0.23350907862186432,3.120610237121582,18.739011764526367
-0.09000000357627869,0.004233911633491516,0.004110141657292843,0.0,0.011797275394201279,0.4860989451408386,0.6083651781082153,16.067176818847656,22.234760284423828
-0.09000000357627869,0.00011798739433288574,0.002875514328479767,-0.20579621195793152,0.001431044191122055,1.5438977479934692,1.053340196609497,51.34961700439453,22.876556396484375
-0.09000000357627869,0.00011798739433288574,0.0020054783672094345,0.0,-0.00961883831769228,2.8707618713378906,1.511415958404541,76.47938537597656,21.00891876220703
-0.09000000357627869,0.0008039623498916626,0.0016104227397590876,0.03429874777793884,-0.02082122676074505,4.192167282104492,1.9323983192443848,68.38778686523438,17.665929794311523
-0.09000000357627869,0.004233911633491516,0.002459546783939004,0.17149746417999268,-0.026231879368424416,4.309055328369141,2.286430597305298,6.235113620758057,14.169877052307129
-0.09000000357627869,-0.002625972032546997,0.00010182801634073257,-0.34299418330192566,-0.043292172253131866,3.880681037902832,2.570305347442627,-39.03206253051758,11.351190567016602
-0.09000000357627869,0.00011798739433288574,-0.0006343291024677455,0.13719797134399414,-0.051805902272462845,3.803856134414673,2.797699213027954,-4.955726623535156,8.168627738952637
-0.09000000357627869,-0.006741911172866821,-0.003966773860156536,-0.34299492835998535,-0.06993758678436279,3.763937473297119,2.961360454559326,18.708396911621094,5.378185749053955
-0.09000000357627869,-0.002625972032546997,-0.004757999442517757,0.2057969570159912,-0.07580270618200302,3.783360242843628,3.0691709518432617,-7.261068820953369,2.318310499191284
-0.09000000357627869,-0.00948585569858551,-0.008080835454165936,-0.34299418330192566,-0.09074444323778152,3.5250911712646484,3.115673065185547,-18.46717643737793,0.08532259613275528
-0.09000000357627869,-0.013601794838905334,-0.012087918817996979,-0.2057969570159912,-0.10514559596776962,2.8248519897460938,3.11729097366333,-37.32213592529297,-1.910080075263977
-0.09000000357627869,-0.006741911172866821,-0.012124525383114815,0.34299418330192566,-0.10177598148584366,2.8346779346466064,3.079005479812622,-7.138931751251221,-4.050454616546631
-0.09000000357627869,-0.02320563793182373,-0.01847211644053459,-0.8231863379478455,-0.12563930451869965,3.3740744590759277,2.9980826377868652,8.861068725585938,-5.351851463317871
-0.09000000357627869,-0.016345754265785217,-0.020151758566498756,0.34299418330192566,-0.12685422599315643,2.99843692779541,2.8910460472106934,-18.42137336730957,-7.292919158935547
-0.09000000357627869,-0.020461678504943848,-0.022858522832393646,-0.20579621195793152,-0.1306636780500412,2.408517360687256,2.7450430393218994,-31.27633285522461,-8.129239082336426
-0.09000000357627869,-0.02320563793182373,-0.025652967393398285,-0.13719797134399414,-0.13401947915554047,2.293309211730957,2.582322835922241,1.1053427457809448,-8.652570724487305
-0.09000000357627869,-0.02732156217098236,-0.029044797644019127,-0.20579621195793152,-0.1386341154575348,2.005460500717163,2.4090981483459473,-3.413740396499634,-8.866070747375488
-0.09000000357627869,-0.030065521597862244,-0.03228773549199104,-0.13719797134399414,-0.1412966400384903,1.7057549953460693,2.231565475463867,-12.90992259979248,-8.981144905090332
-0.09000000357627869,-0.04378528892993927,-0.039696406573057175,-0.6859883666038513,-0.15985429286956787,1.451585054397583,2.051706314086914,-11.963357925415039,-8.967365264892578
-0.09000000357627869,-0.03692540526390076,-0.04186384379863739,0.34299418330192566,-0.15494178235530853,1.4913828372955322,1.8721915483474731,-6.085496425628662,-10.041438102722168
-0.09000000357627869,-0.04995918273925781,-0.04821087047457695,-0.6516888737678528,-0.16656112670898438,1.1078121662139893,1.6711317300796509,-18.75724983215332,-10.14511775970459
-0.09000000357627869,-0.05476111173629761,-0.054199058562517166,-0.24009644985198975,-0.17444394528865814,0.7653142809867859,1.467956304550171,-13.6732816696167,-10.699718475341797
-0.09000000357627869,-0.047901228070259094,-0.055300045758485794,0.34299418330192566,-0.16121135652065277,0.6719895601272583,1.253724455833435,-9.215267181396484,-11.463591575622559
-0.09000000357627869,-0.04995918273925781,-0.05651846528053284,-0.10289773344993591,-0.14918579161167145,0.38630232214927673,1.024193525314331,-18.6656494140625,-10.941571235656738
-0.09000000357627869,-0.05476111173629761,-0.058893248438835144,-0.24009644985198975,-0.14272890985012054,0.22820892930030823,0.8051236867904663,-12.864123344421387,-9.741134643554688
-0.09000000357627869,-0.06162099540233612,-0.06287389993667603,-0.34299418330192566,-0.14339861273765564,0.23172540962696075,0.6101284623146057,-1.9786263704299927,-8.569573402404785
-0.09000000357627869,-0.064364954829216,-0.06637503206729889,-0.13719797134399414,-0.1416516751050949,0.12047962844371796,0.43858981132507324,-6.009160041809082,-7.8531317710876465
-0.09000000357627869,-0.05750507116317749,-0.06576424837112427,0.34299418330192566,-0.12330202013254166,0.12423402070999146,0.28143465518951416,-4.4671759605407715,-7.378718852996826
-0.09000000357627869,-0.0739687979221344,-0.07146245986223221,-0.8231863379478455,-0.13254763185977936,0.10516611486673355,0.1338057518005371,3.013739585876465,-6.023646354675293
-0.09000000357627869,-0.06779488921165466,-0.07267291843891144,0.3086954355239868,-0.12254273891448975,0.16918274760246277,0.0133441761136055,0.20457994937896729,-5.8932414054870605
-0.09000000357627869,-0.0739687979221344,-0.07562604546546936,-0.3086954355239868,-0.12045886367559433,0.06787282973527908,-0.1045045480132103,-5.505344390869141,-5.29116678237915
-0.09000000357627869,-0.07739873230457306,-0.07872722297906876,-0.17149671912193298,-0.1187974140048027,-0.07917375862598419,-0.2103206366300583,-2.95572566986084,-4.871337890625
-0.09000000357627869,-0.08082868158817291,-0.08191561698913574,-0.17149746417999268,-0.11755857616662979,-0.1013551652431488,-0.30771511793136597,-4.192366600036621,-4.679103851318359
-0.09000000357627869,-0.08768856525421143,-0.08651772141456604,-0.34299418330192566,-0.12191174924373627,-0.19863060116767883,-0.40126562118530273,-4.314504146575928,-4.631076812744141
-0.09000000357627869,-0.09111851453781128,-0.09074721485376358,-0.17149746417999268,-0.12397527694702148,-0.2879505753517151,-0.4938540756702423,-2.5129776000976562,-5.037632942199707
-0.09000000357627869,-0.08768856525421143,-0.09202763438224792,0.17149746417999268,-0.1133023351430893,-0.4867708683013916,-0.5946040153503418,-8.421374320983887,-5.541347026824951
-0.09000000357627869,-0.09111851453781128,-0.0939575806260109,-0.17149746417999268,-0.10572511702775955,-0.7954424023628235,-0.7054910659790039,-11.963357925415039,-5.251331329345703
-0.09000000357627869,-0.09729240834712982,-0.09740153700113297,-0.3086946904659271,-0.10477881878614426,-0.9341707229614258,-0.8105869293212891,-5.352672100067139,-4.731014728546143
-0.09000000357627869,-0.09111851453781128,-0.09705278277397156,0.3086946904659271,-0.08835500478744507,-0.9841518998146057,-0.905258059501648,-4.100763320922852,-4.534782409667969
-0.09000000357627869,-0.09729240834712982,-0.09893839061260223,-0.3086946904659271,-0.08246013522148132,-1.1515015363693237,-0.9960275888442993,-3.7038168907165527,-3.5278947353363037
-0.09000000357627869,-0.10415229201316833,-0.10265402495861053,-0.34299418330192566,-0.08443138003349304,-1.2322571277618408,-1.0666574239730835,0.09770926833152771,-2.7152342796325684
-0.09000000357627869,-0.10072235763072968,-0.1035866066813469,0.17149671912193298,-0.07518857717514038,-1.074464201927185,-1.1209641695022583,1.975571870803833,-2.6606602668762207
-0.09000000357627869,-0.10758224129676819,-0.1066509261727333,-0.34299418330192566,-0.0756441280245781,-1.071596384048462,-1.1741634607315063,-1.0931298732757568,-2.310340404510498
-0.09000000357627869,-0.10278031975030899,-0.10664268583059311,0.2400960773229599,-0.06340444087982178,-1.1279972791671753,-1.220355749130249,-0.635115385055542,-2.3408825397491455
-0.09000000357627869,-0.11375613510608673,-0.11069337278604507,-0.5487907528877258,-0.06892480701208115,-1.1758733987808228,-1.26716148853302,0.46412158012390137,-1.8234095573425293
-0.09000000357627869,-0.1096402034163475,-0.11164918541908264,0.20579658448696136,-0.06122667342424393,-1.166580319404602,-1.303599238395691,-0.10076364129781723,-2.0893967151641846
-0.09000000357627869,-0.10689625144004822,-0.1109987199306488,0.1371975988149643,-0.04785512015223503,-1.1756266355514526,-1.3453478813171387,-1.3221380710601807,-2.01936674118042
-0.09000000357627869,-0.11718608438968658,-0.11437173187732697,-0.5144916772842407,-0.052144698798656464,-1.262351155281067,-1.3857115507125854,-2.97099232673645,-1.3196306228637695
-0.09000000357627869,-0.11307014524936676,-0.1148957908153534,0.2057969570159912,-0.04426048696041107,-1.2969999313354492,-1.4120773077011108,-0.9404589533805847,-1.3506865501403809
-0.09000000357627869,-0.11375613510608673,-0.11532317101955414,-0.034299492835998535,-0.03687705472111702,-1.2989805936813354,-1.4390568733215332,0.14351080358028412,-1.1122956275939941
-0.09000000357627869,-0.11032619327306747,-0.11408822238445282,0.17149709165096283,-0.02359876036643982,-1.29233717918396,-1.461257815361023,-0.05496210232377052,-0.7227713465690613
-0.09000000357627869,-0.11032619327306747,-0.11307297646999359,0.0,-0.012656265869736671,-1.328694462776184,-1.475672721862793,-0.8183210492134094,0.16048796474933624
-0.09000000357627869,-0.11032619327306747,-0.1122359186410904,0.0,-0.0036825109273195267,-1.335769772529602,-1.4724204540252686,0.14351080358028412,1.1963998079299927
-0.09000000357627869,-0.11032619327306747,-0.11154638975858688,0.0,0.0036176624707877636,-1.3229639530181885,-1.4484472274780273,0.7541979551315308,2.1815595626831055
-0.09000000357627869,-0.11032619327306747,-0.11097653955221176,0.0,0.009408479556441307,-1.2542394399642944,-1.4047574996948242,3.8229002952575684,2.9857287406921387
-0.09000000357627869,-0.11032619327306747,-0.11050707846879959,0.0,0.013824721798300743,-1.13986074924469,-1.3449633121490479,5.53282356262207,3.5488314628601074
-0.09000000357627869,-0.11032619327306747,-0.11013013869524002,0.0,0.017101462930440903,-1.0491554737091064,-1.2738980054855347,4.799999237060547,3.8839797973632812
-0.09000000357627869,-0.11032619327306747,-0.10983380675315857,0.0,0.01942136324942112,-0.9626566767692566,-1.1961250305175781,3.7770986557006836,4.010688304901123
-0.09000000357627869,-0.1096402034163475,-0.1093372032046318,0.034299492835998535,0.022023843601346016,-0.8728979229927063,-1.1158143281936646,4.433587074279785,3.9559245109558105
-0.09000000357627869,-0.11032619327306747,-0.10925156623125076,-0.034299492835998535,0.022406846284866333,-0.7893300652503967,-1.0365980863571167,4.2045793533325195,3.8255302906036377
-0.09000000357627869,-0.11032619327306747,-0.10919363051652908,0.0,0.022436894476413727,-0.7281837463378906,-0.9599952101707458,2.616793155670166,3.541323661804199
-0.09000000357627869,-0.11032619327306747,-0.10916079580783844,0.0,0.02220100536942482,-0.68162602186203,-0.8890854716300964,1.8381673097610474,3.1657896041870117
-0.09000000357627869,-0.1096402034163475,-0.10888391733169556,0.034299492835998535,0.022935407236218452,-0.6821500658988953,-0.8257076740264893,-0.26870304346084595,2.7616028785705566
-0.09000000357627869,-0.11032619327306747,-0.10897745192050934,-0.034299492835998535,0.022071566432714462,-0.6973655819892883,-0.7704374194145203,-0.45190921425819397,2.428483247756958
-0.09000000357627869,-0.1096402034163475,-0.10878880321979523,0.034299492835998535,0.0224252101033926,-0.7015653252601624,-0.7218471765518188,0.08244208991527557,2.0547895431518555
-0.09000000357627869,-0.11032619327306747,-0.10894018411636353,-0.034299492835998535,0.021313302218914032,-0.6971712708473206,-0.6807442903518677,0.11297644674777985,1.744896411895752
-0.09000000357627869,-0.1096402034163475,-0.1087903082370758,0.034299492835998535,0.02153623104095459,-0.7019318342208862,-0.6458528637886047,-0.22290150821208954,1.4060510396957397
-0.09000000357627869,-0.11032619327306747,-0.10896648466587067,-0.034299492835998535,0.020374473184347153,-0.6972934007644653,-0.6177476048469543,0.08244208991527557,1.14239501953125
-0.09000000357627869,-0.1096402034163475,-0.10882973670959473,0.034299492835998535,0.020571591332554817,-0.685502290725708,-0.5949201583862305,0.15877798199653625,0.8514145016670227
-0.09000000357627869,-0.1096402034163475,-0.10874480754137039,0.0,0.020517202094197273,-0.6844717264175415,-0.5779189467430115,-0.23816826939582825,0.6458027362823486
-0.09000000357627869,-0.11032619327306747,-0.10896488279104233,-0.034299492835998535,0.019222907721996307,-0.6861918568611145,-0.5650357007980347,0.03664054721593857,0.49173247814178467
-0.09000000357627869,-0.11032619327306747,-0.10912521183490753,0.0,0.01829669438302517,-0.6792744398117065,-0.5552356243133545,0.06717491149902344,0.296286016702652
-0.09000000357627869,-0.11032619327306747,-0.1092422604560852,0.0,0.017647892236709595,-0.6796548962593079,-0.549347460269928,-0.19236715137958527,0.10722798854112625
-0.09000000357627869,-0.11032619327306747,-0.10932732373476028,0.0,0.017207356169819832,-0.6827259659767151,-0.5472431182861328,-0.05496210232377052,-0.05249971151351929
-0.09000000357627869,-0.11032619327306747,-0.10938762873411179,0.0,0.016906652599573135,-0.6782045960426331,-0.5483325719833374,0.021373795345425606,-0.17823316156864166
-0.09000000357627869,-0.1096402034163475,-0.10916168242692947,0.034299492835998535,0.01780935749411583,-0.6805621981620789,-0.5519369840621948,-0.11603125184774399,-0.2651207149028778
-0.09000000357627869,-0.11032619327306747,-0.10927453637123108,-0.034299492835998535,0.017232291400432587,-0.6798076033592224,-0.557278037071228,0.006106188986450434,-0.24978826940059662
-0.09000000357627869,-0.11032619327306747,-0.10935378819704056,0.0,0.016853397712111473,-0.6758979558944702,-0.5623096227645874,0.06717491149902344,-0.2616651952266693
-0.09000000357627869,-0.11032619327306747,-0.10940994322299957,0.0,0.016635993495583534,-0.6846457123756409,-0.5675798058509827,-0.161832794547081,-0.27377986907958984
-0.09000000357627869,-0.1096402034163475,-0.10918039083480835,0.034299492835998535,0.017636146396398544,-0.6970397233963013,-0.5730943083763123,0.05190815404057503,-0.27564364671707153
-0.09000000357627869,-0.11032619327306747,-0.10928850620985031,-0.034299492835998535,0.017141755670309067,-0.6922173500061035,-0.5786432027816772,0.006106188986450434,-0.20399659872055054
-0.09000000357627869,-0.1096402034163475,-0.10909493267536163,0.034299492835998535,0.01793612912297249,-0.6933191418647766,-0.5827575922012329,-0.161832794547081,-0.17681531608104706
-0.09000000357627869,-0.1096402034163475,-0.10896073281764984,0.0,0.018396077677607536,-0.6916304230690002,-0.5863266587257385,0.021373795345425606,-0.10141893476247787
-0.09000000357627869,-0.1096402034163475,-0.10886967182159424,0.0,0.018632525578141212,-0.6927652955055237,-0.588387131690979,-0.05496210232377052,-0.016084156930446625
-0.09000000357627869,-0.11032619327306747,-0.10907811671495438,-0.034299492835998535,0.017626751214265823,-0.6927213668823242,-0.5887404084205627,-0.10076364129781723,0.05807517468929291
-0.09000000357627869,-0.11032619327306747,-0.1092255637049675,0.0,0.01699923351407051,-0.6985489130020142,-0.5876120924949646,0.006106188986450434,0.046647172421216965
-0.09000000357627869,-0.1096402034163475,-0.10905934125185013,0.034299492835998535,0.01772238500416279,-0.700715959072113,-0.5867131352424622,-0.05496210232377052,-0.0005425341078080237
-0.09000000357627869,-0.11032619327306747,-0.10921215265989304,-0.034299492835998535,0.017054185271263123,-0.6957921981811523,-0.5867569446563721,-0.03969535231590271,0.0113163897767663
-0.09000000357627869,-0.11032619327306747,-0.10931821167469025,0.0,0.01664777472615242,-0.6933003067970276,-0.5865628123283386,0.021373795345425606,-0.023401793092489243
-0.09000000357627869,-0.11032619327306747,-0.10939103364944458,0.0,0.016427479684352875,-0.6950811147689819,-0.5870635509490967,-0.161832794547081,-0.06971529871225357
-0.09000000357627869,-0.11032619327306747,-0.1094386875629425,0.0,0.016312310472130775,-0.6850913166999817,-0.588487446308136,-0.009160990826785564,-0.11637138575315475
-0.09000000357627869,-0.1096402034163475,-0.10920123010873795,0.034299492835998535,0.017373060807585716,-0.6867980360984802,-0.590844452381134,-0.07022970914840698,-0.1488947719335556
-0.09000000357627869,-0.11032619327306747,-0.10930423438549042,-0.034299492835998535,0.016932254657149315,-0.6878494024276733,-0.5938516855239868,-0.07022970914840698,-0.09758231043815613
-0.09000000357627869,-0.11032619327306747,-0.10937511920928955,0.0,0.016668852418661118,-0.6851164698600769,-0.5958308577537537,0.021373795345425606,-0.08821359276771545
-0.09000000357627869,-0.11032619327306747,-0.10942354053258896,0.0,0.016534144058823586,-0.6875036954879761,-0.597622811794281,0.03664054721593857,-0.09390068799257278
-0.09000000357627869,-0.11032619327306747,-0.10945510119199753,0.0,0.01647559180855751,-0.6835253238677979,-0.5995267629623413,-0.05496210232377052,-0.10488717257976532
-0.09000000357627869,-0.1096402034163475,-0.10920700430870056,0.034299492835998535,0.017571905627846718,-0.6883909106254578,-0.6016511917114258,-0.08549688756465912,-0.11001366376876831
-0.09000000357627869,-0.11032619327306747,-0.10930333286523819,-0.034299492835998535,0.017157547175884247,-0.6943414807319641,-0.6038795113563538,0.021373795345425606,-0.0385143980383873
-0.09000000357627869,-0.11032619327306747,-0.10937006771564484,0.0,0.0169148538261652,-0.6951162219047546,-0.6046773195266724,-0.009160990826785564,-0.016008123755455017
-0.09000000357627869,-0.11032619327306747,-0.10941434651613235,0.0,0.016767121851444244,-0.6842873096466064,-0.6050215363502502,0.03664054721593857,-0.021997230127453804
-0.09000000357627869,-0.1096402034163475,-0.10917549580335617,0.034299492835998535,0.017788110300898552,-0.685057520866394,-0.6054855585098267,0.021373795345425606,-0.03455352038145065
-0.09000000357627869,-0.11032619327306747,-0.10927776992321014,-0.034299492835998535,0.017288265749812126,-0.6774918437004089,-0.6061984300613403,0.03664054721593857,0.01848464459180832
-0.09000000357627869,-0.1096402034163475,-0.1090811938047409,0.034299492835998535,0.01806187815964222,-0.6781283617019653,-0.6058503985404968,0.05190815404057503,0.02275586687028408
-0.09000000357627869,-0.11032619327306747,-0.10921420156955719,-0.034299492835998535,0.017389360815286636,-0.6703996062278748,-0.605414867401123,0.021373795345425606,0.07023905217647552
-0.09000000357627869,-0.11032619327306747,-0.10930855572223663,0.0,0.01695074327290058,-0.6700055599212646,-0.6040297150611877,-0.0244277436286211,0.05844886973500252
-0.09000000357627869,-0.1096402034163475,-0.10910611599683762,0.034299492835998535,0.017768053337931633,-0.6703892946243286,-0.6028807163238525,0.006106188986450434,0.022276388481259346
-0.09000000357627869,-0.11032619327306747,-0.1092359647154808,-0.034299492835998535,0.01715037226676941,-0.6747016310691833,-0.6024569272994995,-0.0244277436286211,0.051797837018966675
-0.09000000357627869,-0.11032619327306747,-0.10932750254869461,0.0,0.01676369644701481,-0.6764317750930786,-0.6014434099197388,-0.03969535231590271,0.03267877548933029
-0.09000000357627869,-0.11032619327306747,-0.10939053446054459,0.0,0.016525952145457268,-0.671639621257782,-0.6008110642433167,0.05190815404057503,-0.007213864009827375
-0.09000000357627869,-0.1096402034163475,-0.10916489362716675,0.034299492835998535,0.017486974596977234,-0.6714282631874084,-0.6009765863418579,-0.07022970914840698,-0.047798268496990204
-0.09000000357627869,-0.11032619327306747,-0.10927717387676239,-0.034299492835998535,0.016963815316557884,-0.6711606979370117,-0.6019538044929504,0.03664054721593857,-0.012102698907256126
-0.09000000357627869,-0.1096402034163475,-0.10908668488264084,0.034299492835998535,0.01772293820977211,-0.667482316493988,-0.602215588092804,-0.0244277436286211,-0.02131078392267227
-0.09000000357627869,-0.11032619327306747,-0.10922424495220184,-0.034299492835998535,0.017058828845620155,-0.6660875082015991,-0.6026611924171448,-0.07022970914840698,0.021566875278949738
-0.09000000357627869,-0.1096402034163475,-0.10905257612466812,0.034299492835998535,0.01773225888609886,-0.6680362224578857,-0.6022495031356812,-0.0244277436286211,0.010125725530087948
-0.09000000357627869,-0.11032619327306747,-0.10920387506484985,-0.034299492835998535,0.017024245113134384,-0.6716894507408142,-0.6020680665969849,-0.08549688756465912,0.047216203063726425
-0.09000000357627869,-0.11032619327306747,-0.10931044816970825,0.0,0.01658855378627777,-0.6754039525985718,-0.6011459827423096,-0.0244277436286211,0.028477540239691734
-0.09000000357627869,-0.1096402034163475,-0.10911526530981064,0.034299492835998535,0.01742728240787983,-0.6750749349594116,-0.6005986928939819,-0.07022970914840698,-0.012338820844888687
-0.09000000357627869,-0.11032619327306747,-0.10924853384494781,-0.034299492835998535,0.01683286763727665,-0.674329400062561,-0.6008678078651428,0.021373795345425606,0.013430729508399963
-0.09000000357627869,-0.1096402034163475,-0.10907302796840668,0.034299492835998535,0.017569370567798615,-0.6777724623680115,-0.600622296333313,-0.0244277436286211,-0.0049951886758208275
-0.09000000357627869,-0.11032619327306747,-0.10922060161828995,-0.034299492835998535,0.016914159059524536,-0.6802988648414612,-0.6007463335990906,-0.05496210232377052,0.03041992336511612
-0.09000000357627869,-0.1096402034163475,-0.10905416309833527,0.034299492835998535,0.017598476260900497,-0.6752596497535706,-0.6001603603363037,0.05190815404057503,0.009571653790771961
-0.09000000357627869,-0.11032619327306747,-0.1092088520526886,-0.034299492835998535,0.016916729509830475,-0.6829313039779663,-0.5999940037727356,0.03664054721593857,0.04228011891245842
-0.09000000357627869,-0.11032619327306747,-0.10931650549173355,0.0,0.0165031049400568,-0.6820706129074097,-0.5991732478141785,0.006106188986450434,0.01930886134505272
-0.09000000357627869,-0.11032619327306747,-0.10939064621925354,0.0,0.016280250623822212,-0.685198187828064,-0.5988130569458008,-0.05496210232377052,-0.021539393812417984
-0.09000000357627869,-0.11032619327306747,-0.10944021493196487,0.0,0.016182605177164078,-0.6851253509521484,-0.5992698669433594,-0.03969535231590271,-0.06282981485128403
-0.09000000357627869,-0.11032619327306747,-0.10947209596633911,0.0,0.016164299100637436,-0.6833168864250183,-0.6005518436431885,-0.0244277436286211,-0.09599639475345612
-0.09000000357627869,-0.11032619327306747,-0.1094919890165329,0.0,0.016203876584768295,-0.6860100030899048,-0.6024975776672363,-0.03969535231590271,-0.11544160544872284
-0.09000000357627869,-0.11032619327306747,-0.1095036119222641,0.0,0.01628553494811058,-0.6911055445671082,-0.60483318567276,-0.07022970914840698,-0.12068450450897217
-0.09000000357627869,-0.1096402034163475,-0.10924120247364044,0.034299492835998535,0.017498679459095,-0.7026910185813904,-0.6072762608528137,-0.07022970914840698,-0.11121367663145065
-0.09000000357627869,-0.11032619327306747,-0.10932613164186478,-0.034299492835998535,0.01716831512749195,-0.7053099870681763,-0.6095301508903503,-0.05496210232377052,-0.026362085714936256
-0.09000000357627869,-0.1096402034163475,-0.10911540687084198,0.034299492835998535,0.018078550696372986,-0.7054041028022766,-0.6100862622261047,-0.07022970914840698,0.007828136906027794
-0.09000000357627869,-0.11032619327306747,-0.10923770070075989,-0.034299492835998535,0.017530078068375587,-0.7048944234848022,-0.6099583506584167,-0.03969535231590271,0.08465176075696945
-0.09000000357627869,-0.1096402034163475,-0.10905394703149796,0.034299492835998535,0.018279973417520523,-0.7014709115028381,-0.6082928776741028,-0.0244277436286211,0.09473226964473724
-0.09000000357627869,-0.11032619327306747,-0.10919598489999771,-0.034299492835998535,0.017615366727113724,-0.6999795436859131,-0.606425940990448,-0.009160990826785564,0.1427813023328781
-0.09000000357627869,-0.11032619327306747,-0.10929566621780396,0.0,0.01719439961016178,-0.6981245279312134,-0.6035981178283691,-0.0244277436286211,0.1261083483695984
-0.09000000357627869,-0.11032619327306747,-0.10936511307954788,0.0,0.01694590598344803,-0.6993234157562256,-0.6011048555374146,-0.03969535231590271,0.08367666602134705
-0.09000000357627869,-0.11032619327306747,-0.10941240936517715,0.0,0.016810815781354904,-0.6977306604385376,-0.5994604825973511,0.03664054721593857,0.035061948001384735
-0.09000000357627869,-0.11032619327306747,-0.10944365710020065,0.0,0.01674654148519039,-0.6938664317131042,-0.5987877249717712,-0.05496210232377052,-0.009639164432883263
-0.09000000357627869,-0.11032619327306747,-0.10946372896432877,0.0,0.016728250309824944,-0.6911109685897827,-0.5990083813667297,0.006106188986450434,-0.044765882194042206
-0.09000000357627869,-0.11032619327306747,-0.10947602987289429,0.0,0.016737911850214005,-0.6885513067245483,-0.5999307632446289,-0.07022970914840698,-0.06903977692127228
-0.09000000357627869,-0.11032619327306747,-0.10948250442743301,0.0,0.016754020005464554,-0.6812912225723267,-0.6013361811637878,0.006106188986450434,-0.08548802137374878
-0.09000000357627869,-0.1096402034163475,-0.1092173159122467,0.034299492835998535,0.017874784767627716,-0.682395339012146,-0.6030703186988831,-0.0244277436286211,-0.09129497408866882
-0.09000000357627869,-0.1096402034163475,-0.10903314501047134,0.0,0.01853076182305813,-0.6794455647468567,-0.6049191951751709,-0.0244277436286211,-0.02241259068250656
-0.09000000357627869,-0.1096402034163475,-0.10890794545412064,0.0,0.01887500286102295,-0.6805871725082397,-0.6053902506828308,-0.05496210232377052,0.06727371364831924
-0.09000000357627869,-0.11032619327306747,-0.10909300297498703,-0.034299492835998535,0.017905239015817642,-0.6742545366287231,-0.6040657758712769,-0.05496210232377052,0.14472493529319763
-0.09000000357627869,-0.1096402034163475,-0.10895641148090363,0.034299492835998535,0.018355663865804672,-0.6753275990486145,-0.6011927723884583,-0.03969535231590271,0.13280156254768372
-0.09000000357627869,-0.11032619327306747,-0.10913408547639847,-0.034299492835998535,0.01749177649617195,-0.6822621822357178,-0.5985613465309143,-0.10076364129781723,0.15328261256217957
-0.09000000357627869,-0.1096402034163475,-0.10899116843938828,0.034299492835998535,0.018033897504210472,-0.6847615838050842,-0.5955216884613037,-0.10076364129781723,0.10968632251024246
-0.09000000357627869,-0.11032619327306747,-0.10916254669427872,-0.034299492835998535,0.01723645068705082,-0.6854865550994873,-0.5933551788330078,-0.009160990826785564,0.11206422746181488
-0.09000000357627869,-0.11032619327306747,-0.10928256809711456,0.0,0.01672995090484619,-0.6816920042037964,-0.591140627861023,-0.0244277436286211,0.0590645968914032
-0.09000000357627869,-0.11032619327306747,-0.10936518758535385,0.0,0.016415687277913094,-0.6743314862251282,-0.5899845361709595,-0.03969535231590271,-0.012330862693488598
-0.09000000357627869,-0.1096402034163475,-0.10915316641330719,0.034299492835998535,0.017335982993245125,-0.6754502058029175,-0.5902568697929382,0.06717491149902344,-0.07697352766990662
-0.09000000357627869,-0.11032619327306747,-0.10927426069974899,-0.034299492835998535,0.016790205612778664,-0.6725015640258789,-0.5918212532997131,-0.03969535231590271,-0.05934193730354309
-0.09000000357627869,-0.11032619327306747,-0.109358049929142,0.0,0.016446217894554138,-0.6663577556610107,-0.5930306911468506,-0.009160990826785564,-0.08059155941009521
-0.09000000357627869,-0.11032619327306747,-0.10941526293754578,0.0,0.01623915135860443,-0.6612315773963928,-0.594663143157959,0.021373795345425606,-0.11386112123727798
-0.09000000357627869,-0.11032619327306747,-0.10945407301187515,0.0,0.016132807359099388,-0.6615816950798035,-0.5969606041908264,-0.07022970914840698,-0.14280280470848083
-0.09000000357627869,-0.11032619327306747,-0.10947906970977783,0.0,0.0160848256200552,-0.6565155982971191,-0.5998347401618958,0.03664054721593857,-0.16449347138404846
-0.09000000357627869,-0.1096402034163475,-0.10922592878341675,0.034299492835998535,0.01716804690659046,-0.6540553569793701,-0.6031409502029419,-0.05496210232377052,-0.17564921081066132
-0.09000000357627869,-0.1096402034163475,-0.10904984921216965,0.0,0.017812050879001617,-0.6528723239898682,-0.6066688895225525,-0.009160990826785564,-0.10776986926794052
-0.09000000357627869,-0.11032619327306747,-0.10919857025146484,-0.034299492835998535,0.017071163281798363,-0.6555820107460022,-0.608839213848114,-0.07022970914840698,-0.015042529441416264
-0.09000000357627869,-0.11032619327306747,-0.10930430144071579,0.0,0.01660795323550701,-0.6623064279556274,-0.6091563105583191,-0.03969535231590271,0.005441652145236731
-0.09000000357627869,-0.11032619327306747,-0.10937816649675369,0.0,0.01633588597178459,-0.6656659841537476,-0.6090645790100098,-0.05496210232377052,-0.008323360234498978
-0.09000000357627869,-0.1096402034163475,-0.10916047543287277,0.034299492835998535,0.01729515753686428,-0.6725819706916809,-0.6092501878738403,-0.03969535231590271,-0.031381454318761826
-0.09000000357627869,-0.11032619327306747,-0.10927799344062805,-0.034299492835998535,0.01679033599793911,-0.6761889457702637,-0.6098981499671936,-0.0244277436286211,0.015369118191301823
-0.09000000357627869,-0.1096402034163475,-0.1090909093618393,0.034299492835998535,0.017585527151823044,-0.6779841780662537,-0.6096112728118896,-0.009160990826785564,0.014270784333348274
-0.09000000357627869,-0.11032619327306747,-0.109229676425457,-0.034299492835998535,0.016957230865955353,-0.6745868921279907,-0.6093456149101257,-0.05496210232377052,0.06029234081506729
-0.09000000357627869,-0.11032619327306747,-0.10932693630456924,0.0,0.016576409339904785,-0.6772319078445435,-0.6081603765487671,-0.08549688756465912,0.05019943416118622
-0.09000000357627869,-0.11032619327306747,-0.10939385741949081,0.0,0.016363095492124557,-0.6776329874992371,-0.6071774363517761,-0.009160990826785564,0.017038600519299507
-0.09000000357627869,-0.11032619327306747,-0.10943932086229324,0.0,0.016270039603114128,-0.6815352439880371,-0.6068591475486755,-0.08549688756465912,-0.01828715391457081
-0.09000000357627869,-0.11032619327306747,-0.109468474984169,0.0,0.01624477095901966,-0.6776177287101746,-0.6072462797164917,-0.03969535231590271,-0.050267595797777176
-0.09000000357627869,-0.11032619327306747,-0.10948708653450012,0.0,0.01627522148191929,-0.6818445324897766,-0.6082741618156433,-0.03969535231590271,-0.07047618925571442
-0.09000000357627869,-0.11032619327306747,-0.1094978079199791,0.0,0.016337215900421143,-0.6828302145004272,-0.6097062230110168,0.021373795345425606,-0.08055748790502548
-0.09000000357627869,-0.11032619327306747,-0.10950358211994171,0.0,0.016427984461188316,-0.6893094182014465,-0.6113414764404297,0.006106188986450434,-0.07912276685237885
-0.09000000357627869,-0.11032619327306747,-0.10950474441051483,0.0,0.016519565135240555,-0.6856299638748169,-0.6129463911056519,-0.03969535231590271,-0.07361606508493423
-0.09000000357627869,-0.11032619327306747,-0.10950343310832977,0.0,0.016610847786068916,-0.6852576732635498,-0.6144405603408813,0.006106188986450434,-0.06366337090730667
-0.09000000357627869,-0.11032619327306747,-0.10950090736150742,0.0,0.01670319028198719,-0.6877283453941345,-0.6157360076904297,-0.0244277436286211,-0.04977070540189743
-0.09000000357627869,-0.1096402034163475,-0.10922927409410477,0.034299492835998535,0.017893360927700996,-0.6942448616027832,-0.616754949092865,-0.009160990826785564,-0.03201134875416756
-0.09000000357627869,-0.1096402034163475,-0.10904016345739365,0.0,0.018610987812280655,-0.6943003535270691,-0.6174184679985046,0.03664054721593857,0.05326613411307335
-0.09000000357627869,-0.11032619327306747,-0.10917924344539642,-0.034299492835998535,0.017907122150063515,-0.6916713714599609,-0.6163756847381592,0.03664054721593857,0.15036101639270782
-0.09000000357627869,-0.1096402034163475,-0.10900907963514328,0.034299492835998535,0.018536344170570374,-0.6901331543922424,-0.6133906841278076,0.021373795345425606,0.16373836994171143
-0.09000000357627869,-0.11032619327306747,-0.10916246473789215,-0.034299492835998535,0.017785746604204178,-0.694057822227478,-0.6101403832435608,-0.08549688756465912,0.20728373527526855
-0.09000000357627869,-0.11032619327306747,-0.10927137732505798,0.0,0.017307285219430923,-0.6969178915023804,-0.606020987033844,-0.009160990826785564,0.1824488341808319
-0.09000000357627869,-0.11032619327306747,-0.10934779793024063,0.0,0.01701812818646431,-0.6989344954490662,-0.6024001240730286,-0.009160990826785564,0.12931638956069946
-0.09000000357627869,-0.1096402034163475,-0.10913226753473282,0.034299492835998535,0.017959583550691605,-0.7050572633743286,-0.5998446941375732,-0.08549688756465912,0.07296889275312424
-0.09000000357627869,-0.11032619327306747,-0.10925126820802689,-0.034299492835998535,0.01742912456393242,-0.7039973735809326,-0.598416805267334,-0.009160990826785564,0.09022372961044312
-0.09000000357627869,-0.11032619327306747,-0.10933388769626617,0.0,0.017095163464546204,-0.6988365054130554,-0.5966426730155945,-0.03969535231590271,0.062317922711372375
-0.09000000357627869,-0.11032619327306747,-0.10939083993434906,0.0,0.01689946837723255,-0.6973106861114502,-0.5954267382621765,-0.03969535231590271,0.019672377035021782
-0.09000000357627869,-0.11032619327306747,-0.10943006724119186,0.0,0.01681043580174446,-0.7028627991676331,-0.595065712928772,0.021373795345425606,-0.019217200577259064
-0.09000000357627869,-0.11032619327306747,-0.1094551533460617,0.0,0.016775354743003845,-0.6969841718673706,-0.5954807996749878,-0.10076364129781723,-0.053393349051475525
-0.09000000357627869,-0.1096402034163475,-0.10920210927724838,0.034299492835998535,0.017869481816887856,-0.695059597492218,-0.5965785980224609,-0.08549688756465912,-0.07748686522245407
-0.09000000357627869,-0.11032619327306747,-0.10929489135742188,-0.034299492835998535,0.017430830746889114,-0.6940727829933167,-0.5981578230857849,-0.05496210232377052,-0.02238898165524006
-0.09000000357627869,-0.11032619327306747,-0.10936030000448227,0.0,0.01716385781764984,-0.6977515816688538,-0.5986356139183044,-0.08549688756465912,-0.010123767890036106
-0.09000000357627869,-0.11032619327306747,-0.10940483212471008,0.0,0.017000621184706688,-0.6923906207084656,-0.5988664031028748,-0.009160990826785564,-0.020991342142224312
-0.09000000357627869,-0.11032619327306747,-0.10943563282489777,0.0,0.01692318730056286,-0.6971235275268555,-0.5993159413337708,-0.07022970914840698,-0.03537626191973686
-0.09000000357627869,-0.11032619327306747,-0.10945595800876617,0.0,0.01689966209232807,-0.6980226039886475,-0.6000532507896423,-0.05496210232377052,-0.048565711826086044
-0.09000000357627869,-0.11032619327306747,-0.10946884006261826,0.0,0.016912424936890602,-0.6992442011833191,-0.6010544896125793,-0.009160990826785564,-0.057124849408864975
-0.09000000357627869,-0.1096402034163475,-0.10920748859643936,0.034299492835998535,0.018036507070064545,-0.6986649036407471,-0.6022263169288635,0.021373795345425606,-0.061042845249176025
-0.09000000357627869,-0.11032619327306747,-0.10929495841264725,-0.034299492835998535,0.017620056867599487,-0.7010608315467834,-0.6034770607948303,0.03664054721593857,0.009622735902667046
-0.09000000357627869,-0.1096402034163475,-0.10908709466457367,0.034299492835998535,0.018440647050738335,-0.6961491703987122,-0.6033124327659607,-0.009160990826785564,0.027533749118447304
-0.09000000357627869,-0.1096402034163475,-0.10894455015659332,0.0,0.018906861543655396,-0.6988834142684937,-0.6027905344963074,-0.009160990826785564,0.09125734865665436
-0.09000000357627869,-0.11032619327306747,-0.10911747813224792,-0.034299492835998535,0.018040571361780167,-0.7001567482948303,-0.600994884967804,-0.009160990826785564,0.1606168895959854
-0.09000000357627869,-0.11032619327306747,-0.10924047231674194,0.0,0.017483647912740707,-0.7032764554023743,-0.5978134870529175,0.03664054721593857,0.1485559046268463
-0.09000000357627869,-0.11032619327306747,-0.10932715237140656,0.0,0.01714630238711834,-0.7074492573738098,-0.5948755145072937,0.006106188986450434,0.10201234370470047
-0.09000000357627869,-0.11032619327306747,-0.10938632488250732,0.0,0.016944335773587227,-0.7016139030456543,-0.5928674340248108,-0.009160990826785564,0.04286660626530647
-0.09000000357627869,-0.11032619327306747,-0.10942672938108444,0.0,0.01684478670358658,-0.7034165263175964,-0.592043399810791,-0.009160990826785564,-0.009923627600073814
-0.09000000357627869,-0.1096402034163475,-0.10918518155813217,0.034299492835998535,0.01791411079466343,-0.7090719938278198,-0.5922770500183105,-0.03969535231590271,-0.04853484779596329
-0.09000000357627869,-0.11032619327306747,-0.1092856228351593,-0.034299492835998535,0.01747065968811512,-0.7090311050415039,-0.5932830572128296,-0.009160990826785564,-0.005932842846959829
-0.09000000357627869,-0.11032619327306747,-0.10935536026954651,0.0,0.017201237380504608,-0.707779049873352,-0.5934362411499023,-0.03969535231590271,-0.0058503723703324795
-0.09000000357627869,-0.1096402034163475,-0.10913391411304474,0.034299492835998535,0.01813485100865364,-0.7031618356704712,-0.5935862064361572,0.06717491149902344,-0.024949796497821808
-0.09000000357627869,-0.1096402034163475,-0.10898061841726303,0.0,0.018685195595026016,-0.7039613127708435,-0.5941184759140015,0.03664054721593857,0.022361386567354202
-0.09000000357627869,-0.11032619327306747,-0.10914503782987595,-0.034299492835998535,0.01788073591887951,-0.7034378051757812,-0.593704342842102,-0.07022970914840698,0.08803001791238785
-0.09000000357627869,-0.1096402034163475,-0.10899203270673752,0.034299492835998535,0.01844976656138897,-0.6997315287590027,-0.5919756889343262,-0.03969535231590271,0.07721645385026932
-0.09000000357627869,-0.11032619327306747,-0.10915634036064148,-0.034299492835998535,0.017658527940511703,-0.6977437138557434,-0.5904632806777954,-0.05496210232377052,0.10298891365528107
-0.09000000357627869,-0.11032619327306747,-0.10927174240350723,0.0,0.017145276069641113,-0.6927832365036011,-0.5884344577789307,0.03664054721593857,0.06588476896286011
-0.09000000357627869,-0.11032619327306747,-0.1093522161245346,0.0,0.016827702522277832,-0.6908702850341797,-0.5871477723121643,-0.03969535231590271,0.007160667795687914
-0.09000000357627869,-0.11032619327306747,-0.10940741002559662,0.0,0.016643641516566277,-0.6886570453643799,-0.5870351791381836,-0.08549688756465912,-0.05179255083203316
-0.09000000357627869,-0.11032619327306747,-0.10944439470767975,0.0,0.01654817909002304,-0.685751736164093,-0.5881008505821228,-0.08549688756465912,-0.1007419303059578
-0.09000000357627869,-0.11032619327306747,-0.1094689816236496,0.0,0.016521630808711052,-0.6886793375015259,-0.590146005153656,-0.0244277436286211,-0.13298530876636505
-0.09000000357627869,-0.11032619327306747,-0.10948395729064941,0.0,0.016531584784388542,-0.6856331825256348,-0.5928345322608948,-0.07022970914840698,-0.15196490287780762
-0.09000000357627869,-0.11032619327306747,-0.10949292778968811,0.0,0.016574423760175705,-0.6890289187431335,-0.5959028601646423,0.021373795345425606,-0.1561659276485443
-0.09000000357627869,-0.11032619327306747,-0.10949639976024628,0.0,0.016617748886346817,-0.6807871460914612,-0.599051833152771,0.021373795345425606,-0.15435929596424103
-0.09000000357627869,-0.11032619327306747,-0.10949722677469254,0.0,0.01666659489274025,-0.6797621846199036,-0.6021633744239807,0.021373795345425606,-0.1447708010673523
-0.09000000357627869,-0.1096402034163475,-0.10922751575708389,0.034299492835998535,0.017806662246584892,-0.67814040184021,-0.6050815582275391,0.05190815404057503,-0.130495086312294
-0.09000000357627869,-0.11032619327306747,-0.10930943489074707,-0.034299492835998535,0.017395000904798508,-0.680925190448761,-0.6077144742012024,-0.07022970914840698,-0.04297959804534912
-0.09000000357627869,-0.1096402034163475,-0.1090988889336586,0.034299492835998535,0.018230441957712173,-0.6852460503578186,-0.6085973978042603,-0.009160990826785564,-0.006534652318805456
-0.09000000357627869,-0.11032619327306747,-0.10922274738550186,-0.034299492835998535,0.0176103375852108,-0.6846837997436523,-0.6087511777877808,-0.05496210232377052,0.06998850405216217
-0.09000000357627869,-0.1096402034163475,-0.10904251784086227,0.034299492835998535,0.01831597276031971,-0.692874014377594,-0.6073766946792603,-0.08549688756465912,0.0835181474685669
-0.09000000357627869,-0.11032619327306747,-0.10918765515089035,-0.034299492835998535,0.017616763710975647,-0.6925287246704102,-0.6057321429252625,0.021373795345425606,0.1330001801252365
-0.09000000357627869,-0.1096402034163475,-0.1090211346745491,0.034299492835998535,0.018259095028042793,-0.6908042430877686,-0.6030977964401245,-0.009160990826785564,0.11629108339548111
-0.09000000357627869,-0.11032619327306747,-0.1091766282916069,-0.034299492835998535,0.01753101497888565,-0.696667492389679,-0.6008002758026123,-0.08549688756465912,0.14400111138820648
-0.09000000357627869,-0.11032619327306747,-0.10928589105606079,0.0,0.017071189358830452,-0.6955822110176086,-0.5979489088058472,-0.05496210232377052,0.11096298694610596
-0.09000000357627869,-0.11032619327306747,-0.10936183482408524,0.0,0.01679832674562931,-0.6956840753555298,-0.5957591533660889,-0.03969535231590271,0.05593874678015709
-0.09000000357627869,-0.1096402034163475,-0.10914435982704163,0.034299492835998535,0.017734099179506302,-0.6901102662086487,-0.5946687459945679,0.006106188986450434,-0.0027180856559425592
-0.09000000357627869,-0.11032619327306747,-0.10926278680562973,-0.034299492835998535,0.017208706587553024,-0.6953833699226379,-0.5947535634040833,-0.05496210232377052,0.019938712939620018
-0.09000000357627869,-0.1096402034163475,-0.10907558351755142,0.034299492835998535,0.01796315796673298,-0.6857477426528931,-0.5943821668624878,0.006106188986450434,-0.002789707388728857
-0.09000000357627869,-0.11032619327306747,-0.10921630263328552,-0.034299492835998535,0.01731797680258751,-0.6943048238754272,-0.5944681763648987,-0.009160990826785564,0.03463192656636238
-0.09000000357627869,-0.11032619327306747,-0.10931479930877686,0.0,0.016919801011681557,-0.6945542097091675,-0.5938057899475098,-0.08549688756465912,0.018503818660974503
-0.09000000357627869,-0.1096402034163475,-0.10911493003368378,0.034299492835998535,0.017800986766815186,-0.7041290402412415,-0.5934688448905945,-0.11603125184774399,-0.013295245356857777
-0.09000000357627869,-0.11032619327306747,-0.10924510657787323,-0.034299492835998535,0.017252247780561447,-0.7096620798110962,-0.5937698483467102,0.006106188986450434,0.0231624785810709
-0.09000000357627869,-0.1096402034163475,-0.10906684398651123,0.034299492835998535,0.018028797581791878,-0.7135531902313232,-0.5933426022529602,-0.07022970914840698,0.013136893510818481
-0.09000000357627869,-0.11032619327306747,-0.10921262949705124,-0.034299492835998535,0.017420493066310883,-0.7228423953056335,-0.5931189656257629,-0.11603125184774399,0.057780083268880844
-0.09000000357627869,-0.1096402034163475,-0.1090443879365921,0.034299492835998535,0.018150106072425842,-0.7195181250572205,-0.5920013189315796,-0.009160990826785564,0.043974027037620544
-0.09000000357627869,-0.11032619327306747,-0.10919609665870667,-0.034299492835998535,0.017489168792963028,-0.7169522047042847,-0.5911595821380615,-0.03969535231590271,0.07636009156703949
-0.09000000357627869,-0.1096402034163475,-0.10903283208608627,0.034299492835998535,0.018181882798671722,-0.7163394093513489,-0.5896700024604797,0.006106188986450434,0.05263182893395424
-0.09000000357627869,-0.1096402034163475,-0.10891944915056229,0.0,0.01858172006905079,-0.7125120162963867,-0.5886543393135071,0.03664054721593857,0.07586521655321121
-0.09000000357627869,-0.11032619327306747,-0.1091112568974495,-0.034299492835998535,0.017692703753709793,-0.711407482624054,-0.5871741771697998,-0.0244277436286211,0.1133880615234375
-0.09000000357627869,-0.11032619327306747,-0.10924551635980606,0.0,0.017132095992565155,-0.7081408500671387,-0.5849429368972778,0.021373795345425606,0.0774451196193695
-0.09000000357627869,-0.1096402034163475,-0.10906998813152313,0.034299492835998535,0.017896486446261406,-0.7097079157829285,-0.5834315419197083,-0.11603125184774399,0.016618851572275162
0.09000000357627869,-0.1096402034163475,-0.10894759744405746,0.0,0.018343832343816757,-0.7047624588012695,-0.583135724067688,0.006106188986450434,0.02141347900032997
0.09000000357627869,-0.11032619327306747,-0.10913126915693283,-0.034299492835998535,0.017455853521823883,-0.6871991753578186,-0.582738995552063,-0.6656492948532104,-22.455013275146484
0.09000000357627869,-0.11032619327306747,-0.10930800437927246,0.0,0.01778816059231758,-1.159544825553894,-1.0320125818252563,-26.054962158203125,-35.435970306396484
0.09000000357627869,-0.11032619327306747,-0.1094663068652153,0.0,0.020829567685723305,-2.1834278106689453,-1.7410776615142822,-54.81831359863281,-41.41590881347656
0.09000000357627869,-0.11032619327306747,-0.10956493765115738,0.0,0.027343954890966415,-3.5242865085601807,-2.5699310302734375,-68.26870727539062,-42.39925765991211
0.09000000357627869,-0.10758224129676819,-0.10844829678535461,0.1371975988149643,0.04118485003709793,-4.640492916107178,-3.418536901473999,-64.29924011230469,-40.138824462890625
0.09000000357627869,-0.10689625144004822,-0.10727567970752716,0.034299492835998535,0.05739226192235947,-6.010261535644531,-4.222090721130371,-68.23816680908203,-35.42461395263672
0.09000000357627869,-0.11032619327306747,-0.10757789760828018,-0.17149709165096283,0.06803958863019943,-6.770796298980713,-4.9313483238220215,-37.35266876220703,-29.590579986572266
0.09000000357627869,-0.11032619327306747,-0.10752939432859421,0.0,0.08055490255355835,-7.286422252655029,-5.523867130279541,-21.841222763061523,-23.819826126098633
0.09000000357627869,-0.11307014524936676,-0.10828164964914322,-0.1371975988149643,0.08915002644062042,-7.448695659637451,-6.000842094421387,-7.7038164138793945,-18.445026397705078
0.09000000357627869,-0.10689625144004822,-0.10610384494066238,0.3086946904659271,0.10904796421527863,-7.480725288391113,-6.370185852050781,-1.7038170099258423,-13.88411808013916
0.09000000357627869,-0.11307014524936676,-0.10677649825811386,-0.3086946904659271,0.11561989784240723,-7.612312316894531,-6.648241996765137,-1.4442754983901978,-9.298051834106445
0.09000000357627869,-0.10689625144004822,-0.10459502041339874,0.3086946904659271,0.13292352855205536,-7.488297462463379,-6.834455490112305,3.2122130393981934,-5.834822177886963
0.09000000357627869,-0.10346630215644836,-0.10155579447746277,0.17149746417999268,0.15173819661140442,-7.449222564697266,-6.95133638381958,5.502289295196533,-2.5215024948120117
0.09000000357627869,-0.09660641849040985,-0.09663240611553192,0.34299418330192566,0.17611505091190338,-7.4567131996154785,-7.001916885375977,3.4106860160827637,0.7044164538383484
0.09000000357627869,-0.09386246651411057,-0.09205987304449081,0.1371975988149643,0.1960287243127823,-7.352198123931885,-6.987933158874512,9.196946144104004,4.072133541107178
0.09000000357627869,-0.09111851453781128,-0.0877457782626152,0.1371975988149643,0.211159810423851,-6.7409844398498535,-6.906416416168213,15.380151748657227,6.934390544891357
0.09000000357627869,-0.08700257539749146,-0.08316327631473541,0.2057969570159912,0.22437642514705658,-6.225198268890381,-6.767524242401123,17.609159469604492,9.1865234375
0.09000000357627869,-0.07465478777885437,-0.07524044811725616,0.6173893809318542,0.24842935800552368,-5.7508015632629395,-6.583486557006836,20.341983795166016,10.926263809204102
0.09000000357627869,-0.08425863087177277,-0.07368183881044388,-0.4801921546459198,0.24279502034187317,-5.3499979972839355,-6.364593029022217,21.21221160888672,13.051466941833496
0.09000000357627869,-0.07191082835197449,-0.06798376888036728,0.6173901557922363,0.25339075922966003,-4.881679058074951,-6.103118419647217,20.952669143676758,13.530593872070312
0.09000000357627869,-0.06779488921165466,-0.0626806691288948,0.2057969570159912,0.26006773114204407,-4.490382671356201,-5.832022666931152,23.92976951599121,14.013608932495117
0.09000000357627869,-0.06848087906837463,-0.059586599469184875,-0.034299492835998535,0.2560949921607971,-4.1796674728393555,-5.551255702972412,17.548091888427734,14.336332321166992
0.09000000357627869,-0.064364954829216,-0.05619817227125168,0.20579621195793152,0.2535490393638611,-4.164422988891602,-5.264113903045654,12.250381469726562,14.059212684631348
0.09000000357627869,-0.064364954829216,-0.0541982464492321,0.0,0.24503035843372345,-3.9772238731384277,-4.982544898986816,16.937402725219727,13.417579650878906
0.09000000357627869,-0.06162099540233612,-0.052064329385757446,0.13719797134399414,0.23690451681613922,-3.5671215057373047,-4.713769912719727,13.349617004394531,12.107398986816406
0.09000000357627869,-0.047215238213539124,-0.0452975258231163,0.7202878594398499,0.24802014231681824,-3.425372838973999,-4.471234321594238,5.777098178863525,10.593123435974121
0.09000000357627869,-0.05681908130645752,-0.04473024606704712,-0.4801921546459198,0.2321251928806305,-3.2609918117523193,-4.259011268615723,11.2274808883667,10.214431762695312
0.09000000357627869,-0.04104134440422058,-0.03847900778055191,0.7888868451118469,0.239541158080101,-2.6248111724853516,-4.054231643676758,13.425952911376953,8.713583946228027
0.09000000357627869,-0.03692540526390076,-0.0329478494822979,0.2057969570159912,0.24329034984111786,-2.7378971576690674,-3.8795650005340576,2.3267171382904053,8.384879112243652
0.09000000357627869,-0.034181445837020874,-0.028442591428756714,0.13719797134399414,0.24211876094341278,-2.651820659637451,-3.7114992141723633,3.4259533882141113,8.518097877502441
0.09000000357627869,-0.030751511454582214,-0.02439049445092678,0.17149671912193298,0.23893329501152039,-2.567932605743408,-3.540794610977173,5.013739585876465,8.652814865112305
0.09000000357627869,-0.03692540526390076,-0.024419404566287994,-0.3086946904659271,0.2192840725183487,-2.5047924518585205,-3.3674299716949463,3.013739585876465,8.669878959655762
0.09000000357627869,-0.034181445837020874,-0.0237431637942791,0.13719797134399414,0.20399075746536255,-2.214162588119507,-3.19368839263916,7.624426364898682,7.465400218963623
0.09000000357627869,-0.016345754265785217,-0.01665322668850422,0.8917846083641052,0.21607543528079987,-2.075528621673584,-3.04404354095459,6.0977091789245605,5.8444414138793945
0.09000000357627869,-0.02320563793182373,-0.014812663197517395,-0.34299418330192566,0.20558184385299683,-2.181148052215576,-2.9268970489501953,-1.932824730873108,5.8380513191223145
0.09000000357627869,-0.016345754265785217,-0.01123455073684454,0.34299418330192566,0.20345264673233032,-2.255491018295288,-2.8099348545074463,0.14351080358028412,5.4618000984191895
0.09000000357627869,-0.012915804982185364,-0.007760105654597282,0.17149746417999268,0.20086903870105743,-2.1688594818115234,-2.7005066871643066,3.1358773708343506,5.281128883361816
0.09000000357627869,-0.020461678504943848,-0.00866946205496788,-0.3772936761379242,0.18078942596912384,-2.203115224838257,-2.5947375297546387,1.7312970161437988,5.262836456298828
0.09000000357627869,-0.012915804982185364,-0.0066711693070828915,0.3772936761379242,0.17461271584033966,-2.1325206756591797,-2.4893429279327393,4.067174911499023,4.188974380493164
0.09000000357627869,-0.006055921316146851,-0.002886253409087658,0.34299418330192566,0.1759674996137619,-1.9732697010040283,-2.4054083824157715,4.128243446350098,3.268226385116577
0.09000000357627869,-0.013601794838905334,-0.003527593333274126,-0.3772936761379242,0.15926304459571838,-2.028815746307373,-2.339932918548584,-0.8946570158004761,3.057645320892334
0.09000000357627869,-0.006741911172866821,-0.0015741209499537945,0.34299418330192566,0.15507125854492188,-2.064120054244995,-2.278697967529297,-0.14656561613082886,2.1657230854034424
0.09000000357627869,0.00011798739433288574,0.0022123465314507484,0.34299492835998535,0.15875226259231567,-2.057953119277954,-2.2353169918060303,0.31144979596138,1.593829870223999
0.09000000357627869,-0.006741911172866821,0.0018919759895652533,-0.34299492835998535,0.14541307091712952,-2.106698513031006,-2.2034037113189697,-0.726718008518219,1.7628817558288574
0.09000000357627869,0.0008039623498916626,0.00439027976244688,0.3772936761379242,0.14489281177520752,-2.040144205093384,-2.168097496032715,0.11297644674777985,1.2798435688018799
0.09000000357627869,-0.002625972032546997,0.004552863538265228,-0.17149671912193298,0.1349041759967804,-2.031141757965088,-2.142461061477661,0.4793887734413147,1.1983895301818848
0.09000000357627869,0.004233911633491516,0.007134750485420227,0.34299418330192566,0.13593590259552002,-2.054774284362793,-2.118467092514038,-0.49771031737327576,0.7950441241264343
0.09000000357627869,0.00011798739433288574,0.007113241590559483,-0.20579621195793152,0.12620140612125397,-2.029062271118164,-2.102540969848633,-0.1312980055809021,0.84174644947052
0.09000000357627869,0.006977871060371399,0.00959479995071888,0.34299418330192566,0.1276758313179016,-1.9968606233596802,-2.085674285888672,0.49465593695640564,0.4973672926425934
0.09000000357627869,0.013151764869689941,0.013548484072089195,0.3086946904659271,0.13499818742275238,-2.020188808441162,-2.075706720352173,0.31144979596138,0.621296226978302
0.09000000357627869,0.009721815586090088,0.014757347293198109,-0.17149746417999268,0.13025730848312378,-1.9938157796859741,-2.0632569789886475,0.17404517531394958,1.3859243392944336
0.09000000357627869,0.006977871060371399,0.014318723231554031,-0.13719722628593445,0.11943213641643524,-2.0209732055664062,-2.035527467727661,0.37251850962638855,1.8125702142715454
0.09000000357627869,0.006977871060371399,0.013836903497576714,0.0,0.10957278311252594,-1.9786967039108276,-1.999260425567627,0.49465593695640564,1.5683609247207642
0.09000000357627869,0.013151764869689941,0.015763895586133003,0.3086946904659271,0.11057010293006897,-1.959526777267456,-1.967881441116333,2.5557243824005127,0.9463171362876892
0.09000000357627869,0.013151764869689941,0.016957784071564674,0.0,0.1083359345793724,-1.9086790084838867,-1.9489377737045288,3.761831521987915,0.7515278458595276
0.09000000357627869,0.010407805442810059,0.016560092568397522,-0.13719797134399414,0.09993570297956467,-1.930209755897522,-1.9339029788970947,0.891602635383606,0.6765168905258179
0.09000000357627869,0.00766386091709137,0.015068113803863525,-0.13719722628593445,0.0881853699684143,-1.9853930473327637,-1.9203898906707764,-1.0625959634780884,0.29983195662498474
0.09000000357627869,0.00766386091709137,0.013922397047281265,0.0,0.07924169301986694,-2.0047733783721924,-1.9144200086593628,0.7541979551315308,-0.5107153654098511
0.09000000357627869,0.017267704010009766,0.016807466745376587,0.4801921546459198,0.08773183822631836,-2.01896595954895,-1.9246649742126465,-1.62748122215271,-1.4246033430099487
0.09000000357627869,0.013837754726409912,0.017376383766531944,-0.17149746417999268,0.08613252639770508,-2.146519184112549,-1.9532241821289062,-5.352672100067139,-1.2397527694702148
0.09000000357627869,0.013151764869689941,0.017421402037143707,-0.034299492835998535,0.08268312364816666,-2.177480459213257,-1.978087306022644,-0.6961836218833923,-1.0245574712753296
0.09000000357627869,0.013151764869689941,0.017383741214871407,0.0,0.07928243279457092,-2.1628715991973877,-1.998634696006775,0.09770926833152771,-0.9473038911819458
0.09000000357627869,0.013151764869689941,0.017293419688940048,0.0,0.07611099630594254,-2.177462339401245,-2.0176353454589844,-0.7114512920379639,-0.9569517970085144
0.09000000357627869,0.013837754726409912,0.0174470916390419,0.034299492835998535,0.07428053766489029,-2.1638433933258057,-2.0368189811706543,0.31144979596138,-1.0337265729904175
0.09000000357627869,0.023441597819328308,0.021262701600790024,0.4801921546459198,0.08768153190612793,-2.2232918739318848,-2.0575482845306396,-0.3297717571258545,-1.0416483879089355
0.09000000357627869,0.009721815586090088,0.01847279816865921,-0.6859891414642334,0.07284057140350342,-2.2757036685943604,-2.078449249267578,-0.4671759605407715,-0.06061125546693802
0.09000000357627869,0.009721815586090088,0.016487428918480873,0.0,0.062862828373909,-2.213918924331665,-2.0797035694122314,3.548090934753418,-0.288441926240921
0.09000000357627869,0.010407805442810059,0.015344391576945782,0.034299492835998535,0.057577893137931824,-2.2626633644104004,-2.0855283737182617,-0.7572523355484009,-0.9651216268539429
0.09000000357627869,0.010407805442810059,0.01454118825495243,0.0,0.05435766279697418,-2.2915990352630615,-2.104893445968628,-1.1541990041732788,-1.6455798149108887
0.09000000357627869,0.010407805442810059,0.013991951011121273,0.0,0.05251612514257431,-2.274203300476074,-2.1378564834594727,1.319083333015442,-2.2062721252441406
0.09000000357627869,0.010407805442810059,0.01361965574324131,0.0,0.051738619804382324,-2.321354389190674,-2.182037830352783,-1.9786263704299927,-2.5559797286987305
0.09000000357627869,0.010407805442810059,0.013366428203880787,0.0,0.05192680284380913,-2.4780027866363525,-2.2332468032836914,-6.3603057861328125,-2.6462552547454834
0.09000000357627869,0.010407805442810059,0.013212697580456734,0.0,0.052731018513441086,-2.564030170440674,-2.286271572113037,-4.100763320922852,-2.55371356010437
0.09000000357627869,0.009721815586090088,0.012861741706728935,-0.034299492835998535,0.052910078316926956,-2.664759635925293,-2.3374600410461426,-4.329771041870117,-2.3104779720306396
0.09000000357627869,0.010407805442810059,0.01291833259165287,0.034299492835998535,0.054929908365011215,-2.7390501499176025,-2.3837904930114746,-3.459542989730835,-2.040865659713745
0.09000000357627869,0.010407805442810059,0.012997212819755077,0.0,0.05685076862573624,-2.74472713470459,-2.4247164726257324,0.17404517531394958,-1.6899936199188232
0.09000000357627869,0.010407805442810059,0.013089011423289776,0.0,0.058598969131708145,-2.731586456298828,-2.458608865737915,0.11297644674777985,-1.3145591020584106
0.09000000357627869,0.010407805442810059,0.013182958588004112,0.0,0.060181744396686554,-2.7339649200439453,-2.484982967376709,-0.08549688756465912,-0.9394538402557373
0.09000000357627869,0.010407805442810059,0.013276067562401295,0.0,0.061556801199913025,-2.7171859741210938,-2.5038421154022217,0.15877798199653625,-0.5977330803871155
0.09000000357627869,0.010407805442810059,0.013363064266741276,0.0,0.06273774057626724,-2.7073843479156494,-2.5158581733703613,-0.07022970914840698,-0.29829317331314087
0.09000000357627869,0.010407805442810059,0.013441139832139015,0.0,0.0637456402182579,-2.7039501667022705,-2.521881103515625,-0.05496210232377052,-0.04512721672654152
0.09000000357627869,0.010407805442810059,0.013509996235370636,0.0,0.06458906829357147,-2.6978344917297363,-2.5228371620178223,0.08244208991527557,0.15771755576133728
0.09000000357627869,0.010407805442810059,0.013568831607699394,0.0,0.06529464572668076,-2.6979174613952637,-2.5197360515594482,-0.08549688756465912,0.3146122097969055
0.09000000357627869,0.010407805442810059,0.013618474826216698,0.0,0.06587740778923035,-2.697331190109253,-2.5134975910186768,-0.0244277436286211,0.42825552821159363
0.09000000357627869,0.010407805442810059,0.013660219497978687,0.0,0.06634405255317688,-2.6921257972717285,-2.5049867630004883,0.006106188986450434,0.5013254880905151
0.09000000357627869,0.010407805442810059,0.013693667948246002,0.0,0.06672663986682892,-2.6963562965393066,-2.495018482208252,-0.0244277436286211,0.5445209741592407
0.09000000357627869,0.010407805442810059,0.013720559887588024,0.0,0.06703368574380875,-2.6974265575408936,-2.484189510345459,-0.009160990826785564,0.5613004565238953
0.09000000357627869,0.010407805442810059,0.013741565868258476,0.0,0.0672830268740654,-2.70149564743042,-2.473029375076294,-0.009160990826785564,0.5585724711418152
0.09000000357627869,0.010407805442810059,0.013757811859250069,0.0,0.06748556345701218,-2.7055046558380127,-2.461928606033325,-0.0244277436286211,0.5409650802612305
0.09000000357627869,0.010407805442810059,0.013769689947366714,0.0,0.067660853266716,-2.714928388595581,-2.451185941696167,-0.05496210232377052,0.5152242183685303
0.09000000357627869,0.010407805442810059,0.013779865577816963,0.0,0.06778945028781891,-2.709742307662964,-2.4409596920013428,-0.03969535231590271,0.4774184823036194
0.09000000357627869,0.010407805442810059,0.013788368552923203,0.0,0.0678715631365776,-2.7020866870880127,-2.431490421295166,0.05190815404057503,0.43100863695144653
0.09000000357627869,0.009721815586090088,0.013525125570595264,-0.034299492835998535,0.06684203445911407,-2.7054810523986816,-2.4229531288146973,-0.0244277436286211,0.3849408030509949
0.09000000357627869,0.009721815586090088,0.013343770056962967,0.0,0.06625425815582275,-2.7035531997680664,-2.415339231491089,-0.009160990826785564,0.2692315876483917
0.09000000357627869,0.009721815586090088,0.013221078552305698,0.0,0.06596478074789047,-2.7022929191589355,-2.410041332244873,-0.08549688756465912,0.13990704715251923
0.09000000357627869,0.010407805442810059,0.0134098706766963,0.034299492835998535,0.06694777309894562,-2.692669153213501,-2.4073286056518555,-0.05496210232377052,0.021577322855591774
0.09000000357627869,0.010407805442810059,0.013544032350182533,0.0,0.0675940215587616,-2.693180799484253,-2.4069836139678955,-0.05496210232377052,0.0008966614259406924
0.09000000357627869,0.010407805442810059,0.013638381846249104,0.0,0.06800644844770432,-2.694547653198242,-2.407052755355835,-0.05496210232377052,0.02612311951816082
0.09000000357627869,0.010407805442810059,0.013704262673854828,0.0,0.06824982166290283,-2.6921324729919434,-2.406616687774658,-0.08549688756465912,0.06500018388032913
0.09000000357627869,0.010407805442810059,0.013750193640589714,0.0,0.06835970282554626,-2.6817612648010254,-2.405399799346924,-0.009160990826785564,0.09786731749773026
0.09000000357627869,0.010407805442810059,0.01378041785210371,0.0,0.06838724762201309,-2.679614305496216,-2.4035253524780273,-0.009160990826785564,0.12226193398237228
0.09000000357627869,0.010407805442810059,0.013798507861793041,0.0,0.06837615370750427,-2.6861789226531982,-2.401165723800659,-0.08549688756465912,0.13946077227592468
0.09000000357627869,0.010407805442810059,0.013808667659759521,0.0,0.06834140419960022,-2.690032720565796,-2.398463726043701,-0.08549688756465912,0.14718875288963318
0.09000000357627869,0.010407805442810059,0.013814270496368408,0.0,0.06828131526708603,-2.6861274242401123,-2.3956069946289062,-0.0244277436286211,0.14313580095767975
0.09000000357627869,0.010407805442810059,0.013816162012517452,0.0,0.06821183860301971,-2.6864240169525146,-2.3928322792053223,-0.009160990826785564,0.1323675662279129
0.09000000357627869,0.010407805442810059,0.013815227895975113,0.0,0.06814667582511902,-2.690603733062744,-2.390275001525879,-0.05496210232377052,0.11892128735780716
0.09000000357627869,0.010407805442810059,0.013813506811857224,0.0,0.06807475537061691,-2.686544418334961,-2.387986183166504,-0.08549688756465912,0.10041507333517075
0.09000000357627869,0.010407805442810059,0.013810964301228523,0.0,0.06800229847431183,-2.684823989868164,-2.3860678672790527,-0.05496210232377052,0.08040739595890045
0.09000000357627869,0.010407805442810059,0.013807029463350773,0.0,0.06794851273298264,-2.6922969818115234,-2.384552240371704,-0.0244277436286211,0.06462839245796204
0.09000000357627869,0.010407805442810059,0.013803564012050629,0.0,0.06789827346801758,-2.6907544136047363,-2.383352279663086,-0.07022970914840698,0.04858267679810524
0.09000000357627869,0.010407805442810059,0.01380026713013649,0.0,0.06785516440868378,-2.691383123397827,-2.382473945617676,0.006106188986450434,0.03437158092856407
0.09000000357627869,0.010407805442810059,0.013797346502542496,0.0,0.06781719624996185,-2.69103741645813,-2.3818798065185547,0.006106188986450434,0.02185315452516079
0.09000000357627869,0.010407805442810059,0.013795818202197552,0.0,0.0677642971277237,-2.6803762912750244,-2.381533145904541,0.006106188986450434,0.0064610084518790245
0.09000000357627869,0.010407805442810059,0.01379262562841177,0.0,0.06773753464221954,-2.692081928253174,-2.381497859954834,-0.05496210232377052,0.00012658136256504804
0.09000000357627869,0.010407805442810059,0.013789085671305656,0.0,0.06773689389228821,-2.7026801109313965,-2.381592273712158,-0.0244277436286211,3.387076958460966e-06
0.09000000357627869,0.010407805442810059,0.013787167146801949,0.0,0.06773749738931656,-2.700303077697754,-2.3816885948181152,-0.0244277436286211,-0.0013964648824185133
0.09000000357627869,0.010407805442810059,0.01378602348268032,0.0,0.06774119287729263,-2.7002861499786377,-2.381812810897827,-0.10076364129781723,-0.0021973466500639915
0.09000000357627869,0.009721815586090088,0.013517160899937153,-0.034299492835998535,0.06664559245109558,-2.6951074600219727,-2.381951332092285,-0.009160990826785564,-0.004781775176525116
0.09000000357627869,0.010407805442810059,0.013601097278296947,0.034299492835998535,0.06709635257720947,-2.689253807067871,-2.3821399211883545,-0.08549688756465912,-0.07753507047891617
0.09000000357627869,0.010407805442810059,0.013661311008036137,0.0,0.06739556789398193,-2.687959671020508,-2.3837831020355225,-0.009160990826785564,-0.09521529823541641
0.09000000357627869,0.010407805442810059,0.013703723438084126,0.0,0.06759713590145111,-2.6915414333343506,-2.3857803344726562,0.006106188986450434,-0.08253345638513565
0.09000000357627869,0.010407805442810059,0.013733215630054474,0.0,0.06773649901151657,-2.6968679428100586,-2.3875248432159424,-0.05496210232377052,-0.05574078485369682
0.09000000357627869,0.010407805442810059,0.013753746636211872,0.0,0.06783298403024673,-2.7005553245544434,-2.3887343406677246,-0.08549688756465912,-0.025720173493027687
0.09000000357627869,0.010407805442810059,0.013769024983048439,0.0,0.06788068264722824,-2.693143844604492,-2.389340877532959,-0.08549688756465912,-0.0028448242228478193
0.09000000357627869,0.010407805442810059,0.01377906184643507,0.0,0.06790820509195328,-2.6958439350128174,-2.3894906044006348,-0.07022970914840698,0.01678839512169361
0.09000000357627869,0.010407805442810059,0.013785427436232567,0.0,0.06792476028203964,-2.698892116546631,-2.3892483711242676,-0.10076364129781723,0.03221578150987625
0.09000000357627869,0.01109379529953003,0.014058931730687618,0.034299492835998535,0.06901106983423233,-2.693347454071045,-2.3886959552764893,0.021373795345425606,0.03936776891350746
0.09000000357627869,0.009721815586090088,0.013709706254303455,-0.06859898567199707,0.06743541359901428,-2.690342903137207,-2.388000249862671,-0.10076364129781723,0.10989344120025635
0.09000000357627869,0.010407805442810059,0.013735394924879074,0.034299492835998535,0.0675438866019249,-2.681358814239502,-2.3858909606933594,-0.07022970914840698,0.05082349851727486
0.09000000357627869,0.010407805442810059,0.01375320740044117,0.0,0.06760101020336151,-2.6790552139282227,-2.384963274002075,-0.0244277436286211,0.016506681218743324
0.09000000357627869,0.010407805442810059,0.013764855451881886,0.0,0.06763122975826263,-2.681403875350952,-2.3847227096557617,0.03664054721593857,-0.0007808057707734406
0.09000000357627869,0.010407805442810059,0.013772599399089813,0.0,0.06764009594917297,-2.680612325668335,-2.3848276138305664,-0.05496210232377052,-0.009449622593820095
0.09000000357627869,0.010407805442810059,0.013777378015220165,0.0,0.06763870269060135,-2.6817989349365234,-2.3851065635681152,0.021373795345425606,-0.012445589527487755
0.09000000357627869,0.010407805442810059,0.013780011795461178,0.0,0.06763526052236557,-2.6845290660858154,-2.385446071624756,-0.0244277436286211,-0.011662181466817856
0.09000000357627869,0.010407805442810059,0.013781906105577946,0.0,0.0676218792796135,-2.681251049041748,-2.3857686519622803,-0.009160990826785564,-0.011643817648291588
0.09000000357627869,0.010407805442810059,0.013783120550215244,0.0,0.06760067492723465,-2.6782822608947754,-2.386090040206909,-0.0244277436286211,-0.012383924797177315
0.09000000357627869,0.010407805442810059,0.013783639296889305,0.0,0.06757533550262451,-2.676548480987549,-2.386425495147705,0.03664054721593857,-0.013332977890968323
0.09000000357627869,0.010407805442810059,0.01378320436924696,0.0,0.06755571067333221,-2.6793270111083984,-2.3867807388305664,-0.08549688756465912,-0.012488020583987236
0.09000000357627869,0.010407805442810059,0.013782281428575516,0.0,0.06754360347986221,-2.682349681854248,-2.387120008468628,-0.03969535231590271,-0.010363711975514889
0.09000000357627869,0.010407805442810059,0.01378166675567627,0.0,0.0675307959318161,-2.680791139602661,-2.387416124343872,0.021373795345425606,-0.009485230781137943
0.09000000357627869,0.010407805442810059,0.01378109585493803,0.0,0.0675191879272461,-2.6804966926574707,-2.3876945972442627,-0.07022970914840698,-0.008839848451316357
0.09000000357627869,0.010407805442810059,0.013779949396848679,0.0,0.06752049177885056,-2.68644380569458,-2.3879618644714355,-0.08549688756465912,-0.005427662283182144
0.09000000357627869,0.010407805442810059,0.013778652995824814,0.0,0.06753626465797424,-2.69297456741333,-2.388162612915039,-0.0244277436286211,0.00018976035062223673
0.09000000357627869,0.010407805442810059,0.013777594082057476,0.0,0.06756526976823807,-2.6990227699279785,-2.3882527351379395,-0.0244277436286211,0.00715129729360342
0.09000000357627869,0.010407805442810059,0.013776353560388088,0.0,0.06761757284402847,-2.710879325866699,-2.388207197189331,-0.07022970914840698,0.017773646861314774
0.09000000357627869,0.010407805442810059,0.013776661828160286,0.0,0.06766955554485321,-2.7106645107269287,-2.387949228286743,-0.07022970914840698,0.025299446657299995
0.09000000357627869,0.010407805442810059,0.01377830933779478,0.0,0.06771047413349152,-2.706207275390625,-2.3875393867492676,-0.10076364129781723,0.02867858298122883
0.09000000357627869,0.009721815586090088,0.013511457480490208,-0.034299492835998535,0.06665296107530594,-2.704805612564087,-2.387061595916748,0.006106188986450434,0.03048037737607956
0.09000000357627869,0.010407805442810059,0.013595673255622387,0.034299492835998535,0.06716780364513397,-2.7153801918029785,-2.3865511417388916,-0.05496210232377052,-0.03215857595205307
0.09000000357627869,0.010407805442810059,0.013657113537192345,0.0,0.06753058731555939,-2.715640068054199,-2.387293815612793,-0.10076364129781723,-0.04288770630955696
0.09000000357627869,0.010407805442810059,0.013701489195227623,0.0,0.06778987497091293,-2.7188615798950195,-2.388251781463623,-0.03969535231590271,-0.026410995051264763
0.09000000357627869,0.010407805442810059,0.013734402135014534,0.0,0.06795834004878998,-2.7124338150024414,-2.388878107070923,0.021373795345425606,-0.003423123387619853
0.09000000357627869,0.010407805442810059,0.013758265413343906,0.0,0.06806138157844543,-2.708299398422241,-2.389043092727661,0.08244208991527557,0.01923740655183792
0.09000000357627869,0.010407805442810059,0.013775155879557133,0.0,0.06811735033988953,-2.7053072452545166,-2.388753890991211,-0.10076364129781723,0.037821199744939804
0.09000000357627869,0.010407805442810059,0.013787083327770233,0.0,0.06813347339630127,-2.699676513671875,-2.3880913257598877,-0.009160990826785564,0.04924409091472626
0.09000000357627869,0.010407805442810059,0.013793695718050003,0.0,0.06814639270305634,-2.708653688430786,-2.3872032165527344,-0.08549688756465912,0.060422383248806
0.09000000357627869,0.009721815586090088,0.0135289765894413,-0.034299492835998535,0.06705871969461441,-2.7100419998168945,-2.386092185974121,0.006106188986450434,0.06658083945512772
0.09000000357627869,0.010407805442810059,0.013615073636174202,0.034299492835998535,0.06751662492752075,-2.7081127166748047,-2.3848578929901123,-0.05496210232377052,-0.0016530317952856421
0.09000000357627869,0.010407805442810059,0.01367621123790741,0.0,0.06782515347003937,-2.7107319831848145,-2.3849895000457764,-0.07022970914840698,-0.01800411194562912
0.09000000357627869,0.010407805442810059,0.013719209469854832,0.0,0.06803279370069504,-2.714426040649414,-2.385449171066284,-0.0244277436286211,-0.00794141460210085
0.09000000357627869,0.010407805442810059,0.013750075362622738,0.0,0.06815547496080399,-2.7092721462249756,-2.3857057094573975,-0.0244277436286211,0.008779398165643215
0.09000000357627869,0.010407805442810059,0.013771507889032364,0.0,0.06822161376476288,-2.7074689865112305,-2.385627508163452,-0.03969535231590271,0.026183197274804115
0.09000000357627869,0.010407805442810059,0.013785721734166145,0.0,0.06825383752584457,-2.7088217735290527,-2.3852016925811768,-0.08549688756465912,0.041602231562137604
0.09000000357627869,0.010407805442810059,0.01379457302391529,0.0,0.06826937198638916,-2.712785482406616,-2.3844685554504395,-0.03969535231590271,0.05419179052114487
0.09000000357627869,0.010407805442810059,0.013799699954688549,0.0,0.06827885657548904,-2.7177226543426514,-2.3834853172302246,-0.08549688756465912,0.06358667463064194
0.09000000357627869,0.010407805442810059,0.013803938403725624,0.0,0.06825922429561615,-2.7074291706085205,-2.3823115825653076,0.05190815404057503,0.06272367388010025
0.09000000357627869,0.010407805442810059,0.013806188479065895,0.0,0.06822878122329712,-2.705608606338501,-2.381154775619507,0.006106188986450434,0.058269333094358444
0.09000000357627869,0.010407805442810059,0.01380661129951477,0.0,0.06819875538349152,-2.707819700241089,-2.3800880908966064,-0.05496210232377052,0.05303739011287689
0.09000000357627869,0.010407805442810059,0.01380615308880806,0.0,0.06816807389259338,-2.707892656326294,-2.3791263103485107,-0.0244277436286211,0.046370524913072586
