ref,pos_o,vel_o,ang_o,vel_ang_o
0,4.693e-05,0.00017434,2.1323e-06,-0.0032723
0,7.8549e-05,0.00027572,-6.2423e-05,0.027375
0,0.00063714,0.0025098,0.00048563,0.064138
0,0.0045151,0.017972,0.0017691,0.4624
0,0.0020773,0.0059644,0.011018,3.288
0,8.4782e-05,-0.0028449,0.076776,2.9193
0,-0.0010388,-0.0071998,0.13515,1.0629
0,-0.0018152,-0.0096775,0.15637,-0.87853
0,0.0027678,0.009873,0.13877,-2.4606
0,0.0019164,0.0050979,0.089524,-0.033665
0,0.0015771,0.0029833,0.088834,0.73767
0,0.0010595,0.00039765,0.10357,0.85987
0,0.00096012,-0.00019642,0.12075,0.48174
0,0.00061781,-0.0017312,0.13036,0.13622
0,0.00037714,-0.0026628,0.13305,-0.32128
0,0.00021178,-0.0031802,0.12659,-0.73179
0,0.00036921,-0.002298,0.11192,-1.0201
0,0.00021534,-0.0027727,0.091492,-0.99141
0,0.00011452,-0.0029678,0.071643,-0.99496
0,0.00032027,-0.0018866,0.051728,-0.97606
0,0.00046902,-0.0011489,0.032198,-0.73213
0,0.00030699,-0.0017348,0.017551,-0.41591
0,0.00046756,-0.00094661,0.0092346,-0.30046
0,0.00058186,-0.00043321,0.0032298,-0.086049
0,0.00039438,-0.0012213,0.0015175,0.13003
0,0.00026407,-0.0016686,0.0041252,0.12659
0,0.0001759,-0.0019012,0.0066643,0.03496
0,0.00011636,-0.0019691,0.007367,-0.065219
0,7.8993e-05,-0.0019458,0.0060668,-0.1457
0,5.6885e-05,-0.001863,0.0031575,-0.19254
0,4.5939e-05,-0.0017551,-0.00068618,-0.20824
0,0.00031093,-0.00054474,-0.0048415,-0.1975
0,0.00022743,-0.00087494,-0.0087826,0.019117
0,0.00044,1.9769e-05,-0.0083876,0.090062
0,0.00085571,0.0016395,-0.0065744,0.27661
0,0.00087239,0.0014404,-0.0010297,0.64728
0,0.00087813,0.0012132,0.011927,0.81496
0,0.00087648,0.00095707,0.028236,0.83988
0,0.00059965,-0.00039069,0.045037,0.77671
0,0.00040277,-0.0012716,0.06057,0.47736
0,0.00053252,-0.00073253,0.070111,0.12422
0,0.00035106,-0.0014931,0.072582,0.00059778
0,0.00049332,-0.00083693,0.072578,-0.19467
0,0.00032512,-0.0015388,0.068672,-0.19706
0,0.00048007,-0.00089345,0.064725,-0.30908
0,0.00031924,-0.0016115,0.05854,-0.24819
0,0.00047562,-0.00093478,0.053572,-0.30413
0,0.00031488,-0.0015952,0.047484,-0.19936
0,0.00047256,-0.00086498,0.043491,-0.22716
0,0.00031468,-0.0014977,0.038943,-0.11038
0,0.00047485,-0.0007539,0.03673,-0.13534
0,0.00085735,0.00077977,0.034023,-0.02693
0,0.00085104,0.00058425,0.033482,0.30698
0,0.00084344,0.0004044,0.039619,0.46999
0,0.00056629,-0.00086361,0.049016,0.51789
0,0.00037168,-0.0016614,0.059368,0.31045
0,0.00050451,-0.0010308,0.065568,0.035173
0,0.00032945,-0.0017493,0.066262,-0.036725
0,0.00020849,-0.0021638,0.065518,-0.1953
0,0.00039658,-0.0013006,0.061606,-0.35639
0,0.00025928,-0.0018424,0.054472,-0.28718
0,0.00016483,-0.0021236,0.048721,-0.31205
0,0.0001031,-0.0022527,0.042478,-0.36235
0,0.00033244,-0.0011826,0.03523,-0.39764
0,0.00049401,-0.0005058,0.027279,-0.22069
0,0.00060653,-9.9583e-05,0.022869,0.015625
0,0.00041458,-0.00096948,0.023185,0.23222
0,0.0005495,-0.0004189,0.027835,0.20825
0,0.00037323,-0.0011965,0.032004,0.27395
0,0.00024998,-0.0016697,0.037485,0.171
0,0.00016474,-0.0019313,0.040904,0.018268
0,0.00037704,-0.00097852,0.041271,-0.12864
0,0.00052565,-0.00040629,0.038701,-0.056255
0,0.00036083,-0.0012142,0.037585,0.082865
0,0.00051233,-0.00062058,0.039249,0.042147
0,0.00034732,-0.0013802,0.040098,0.11797
0,0.00023106,-0.0018397,0.04246,0.03948
0,0.00015172,-0.002116,0.043255,-0.091041
0,9.7562e-05,-0.0022515,0.041439,-0.21086
0,6.2078e-05,-0.0022939,0.037226,-0.2967
0,0.00030889,-0.0011835,0.031298,-0.34219
0,0.0004813,-0.00048855,0.024461,-0.16436
0,0.00060027,-7.5711e-05,0.021181,0.075216
0,0.00041148,-0.00093581,0.02269,0.29575
0,0.00054784,-0.00037155,0.028609,0.27415
0,0.00064189,-5.8403e-05,0.034095,0.33595
0,0.00070487,8.6876e-05,0.040816,0.40957
0,0.00047695,-0.0009777,0.049008,0.45927
0,0.00031652,-0.0016571,0.058193,0.2901
0,0.00047313,-0.00097497,0.063991,0.057972
0,0.00031199,-0.0016503,0.065143,0.02975
0,0.00046933,-0.00095966,0.065731,-0.10025
0,0.00030999,-0.0016347,0.063719,-0.057827
0,0.00046848,-0.00093829,0.062555,-0.13731
0,0.00057986,-0.00053479,0.059805,-0.065418
0,0.00038701,-0.0014076,0.058493,0.056812
0,0.0005209,-0.00084547,0.059625,-0.0098195
0,0.0006135,-0.00051799,0.059425,0.045355
0,0.00040767,-0.0014411,0.060328,0.13621
0,0.000264,-0.0020069,0.063048,0.035071
0,0.00016441,-0.0023154,0.063743,-0.12009
0,9.8098e-05,-0.0024649,0.061335,-0.26538
0,5.5188e-05,-0.0025043,0.056023,-0.36848
0,0.00029744,-0.0013741,0.048651,-0.42028
0,0.00019905,-0.0017461,0.040243,-0.24118
0,0.00040123,-0.00084517,0.03542,-0.17874
0,0.00054247,-0.00028792,0.031846,0.018985
0,0.00064002,2.6444e-05,0.032229,0.23304
0,0.00043694,-0.00091917,0.036892,0.40668
0,0.00056302,-0.00042643,0.045028,0.33481
0,0.00038063,-0.0012641,0.051725,0.3512
0,0.00052059,-0.00068988,0.058748,0.20738
0,0.0006165,-0.00036609,0.062891,0.2039
0,0.00041252,-0.0013096,0.066965,0.24724
0,0.00026881,-0.0018929,0.071904,0.11039
0,0.00043827,-0.0011463,0.074104,-0.077392
0,0.00055611,-0.00069906,0.072549,-0.063177
0,0.00063697,-0.00045484,0.071279,0.028837
0,0.0004221,-0.0014321,0.071848,0.13339
0,0.00054042,-0.00093963,0.074508,0.034108
0,0.00062193,-0.00065487,0.075181,0.05577
0,0.00040811,-0.001597,0.076287,0.11977
0,0.00025985,-0.0021811,0.078674,-0.003581
0,0.00042631,-0.0014162,0.078593,-0.1745
0,0.00054223,-0.000931,0.075092,-0.13932
0,0.00062221,-0.00063235,0.072294,-0.023222
0,0.00040785,-0.0015501,0.071817,0.10535
0,0.00025922,-0.0020953,0.073912,0.027289
0,0.00042649,-0.0012963,0.074445,-0.11586
0,0.00054463,-0.00080115,0.072116,-0.06965
0,0.000358,-0.0016026,0.070713,0.046529
0,0.00022832,-0.0020722,0.071633,-0.014402
0,0.00014042,-0.0023288,0.071335,-0.13381
0,0.00035066,-0.0013457,0.068649,-0.24611
0,0.00049816,-0.00072271,0.063718,-0.1388
0,0.00033146,-0.0014309,0.060932,0.042974
0,0.00021629,-0.0018478,0.061783,0.034718
0,0.0001381,-0.0020732,0.062469,-0.046263
0,8.6092e-05,-0.0021694,0.061535,-0.13612
0,0.00032135,-0.0010865,0.058805,-0.20458
0,0.00021818,-0.0015149,0.054708,-0.061124
0,0.00041649,-0.00067701,0.053483,-0.042233
0,0.00028549,-0.0012789,0.052637,0.11033
0,0.00019395,-0.0016523,0.054843,0.10004
0,0.00039932,-0.00077744,0.056842,0.025614
0,0.00027258,-0.0013499,0.057351,0.12473
0,0.00018341,-0.0016902,0.059841,0.088304
0,0.00039091,-0.00078872,0.061602,0.0024526
0,0.00053546,-0.00026014,0.061646,0.096283
0,0.00036527,-0.001073,0.063567,0.24066
0,0.00024507,-0.0015842,0.068375,0.18671
0,0.00016115,-0.0018896,0.072102,0.058977
0,0.00010332,-0.0020491,0.073272,-0.073634
0,0.0003331,-0.0010114,0.071788,-0.17776
0,0.00022513,-0.0014677,0.068223,-0.061475
0,0.0001512,-0.0017422,0.066986,-0.063306
0,0.00010057,-0.0018822,0.065711,-0.10555
0,0.00033536,-0.00083461,0.063591,-0.14896
0,0.00023056,-0.0012861,0.060603,0.0049813
0,0.00042668,-0.00045723,0.060694,0.025871
0,0.00029393,-0.0010639,0.061203,0.17395
0,0.00046982,-0.00034823,0.064674,0.15585
0,0.00032208,-0.0010342,0.067783,0.25519
0,0.00021861,-0.0014724,0.072878,0.18846
0,0.00014676,-0.0017429,0.076638,0.062497
0,0.00036574,-0.00079699,0.077877,-0.062595
0,0.00024863,-0.0013188,0.076613,0.023401
0,0.00016662,-0.0016258,0.077067,-0.0068533
0,0.00011058,-0.0017926,0.076917,-0.077119
0,7.2517e-05,-0.0018517,0.075359,-0.14276
0,0.00031684,-0.00075014,0.072489,-0.18753
0,0.00021877,-0.0011597,0.068722,-0.02282
0,0.00015144,-0.0013973,0.068252,0.011006
0,0.00010613,-0.0015254,0.068459,-0.012438
0,7.57e-05,-0.0015718,0.068197,-0.049297
0,5.6198e-05,-0.0015661,0.067197,-0.080558
0,0.00031298,-0.00043084,0.065571,-0.097089
0,0.00049245,0.00024997,0.063617,0.082192
0,0.00034718,-0.00047784,0.06525,0.30158
0,0.00024408,-0.00095032,0.07127,0.303
0,0.00017187,-0.0012591,0.077319,0.20626
0,0.00012093,-0.0014445,0.08143,0.08488
0,0.00035457,-0.00045503,0.083113,-0.026108
0,0.00024777,-0.00096973,0.082575,0.071523
0,0.00017289,-0.0013018,0.083992,0.045006
0,0.00012035,-0.0015007,0.084877,-0.025818
0,8.3702e-05,-0.0015981,0.084344,-0.097533
0,5.9943e-05,-0.0016413,0.082377,-0.15553
0,4.4801e-05,-0.0016426,0.079251,-0.1903
0,3.5694e-05,-0.0016128,0.075431,-0.20142
0,3.0768e-05,-0.0015584,0.071388,-0.19198
0,0.00029816,-0.00040489,0.067535,-0.16956
0,0.00048461,0.00028016,0.064133,0.043303
0,0.00034349,-0.00044661,0.06499,0.28965
0,0.00051195,0.00016385,0.070774,0.30859
0,0.00062647,0.00047046,0.076936,0.40605
0,0.00070165,0.00057722,0.085046,0.50188
0,0.00047951,-0.00053145,0.095068,0.56188
0,0.00058995,-0.00016687,0.10629,0.39089
0,0.0006639,-1.4814e-05,0.11409,0.32708
0,0.00071169,-4.7638e-06,0.12061,0.30218
0,0.00047107,-0.0011605,0.12663,0.28633
0,0.0003008,-0.0018958,0.13233,0.079643
0,0.00045088,-0.0012522,0.13389,-0.16966
0,0.00028633,-0.0019672,0.13047,-0.20223
0,0.00044062,-0.001292,0.1264,-0.32049
0,0.00027943,-0.0019692,0.11996,-0.25734
0,0.00016788,-0.0023477,0.11479,-0.30862
0,0.00036224,-0.0014479,0.10859,-0.38806
0,0.0002295,-0.001958,0.10081,-0.26116
0,0.00040795,-0.0011363,0.095563,-0.25176
0,0.00053376,-0.00062737,0.090508,-0.097799
0,0.00062108,-0.0003332,0.088534,0.08898
0,0.00041109,-0.0012694,0.090295,0.25375
0,0.00026441,-0.0018396,0.095351,0.18729
0,0.0001632,-0.0021601,0.099075,0.038739
0,9.4585e-05,-0.0023074,0.099827,-0.11163
0,0.00031859,-0.0012497,0.097571,-0.22807
0,0.00020792,-0.0016833,0.092989,-0.11713
0,0.0001325,-0.0019227,0.090626,-0.11505
0,0.00035129,-0.0009482,0.088308,-0.15193
0,0.00023532,-0.0014447,0.085253,-0.0054037
0,0.00042377,-0.00064183,0.085128,0.0041448
0,0.0005549,-0.00017503,0.085196,0.14093
0,0.00037538,-0.0010277,0.088,0.29808
0,0.00024873,-0.0015654,0.093946,0.24094
0,0.0001597,-0.0018769,0.098745,0.10569
0,9.8675e-05,-0.0020381,0.10084,-0.037433
0,0.00032741,-0.0010175,0.10007,-0.15626
0,0.00021802,-0.0014825,0.096923,-0.050587
0,0.00014273,-0.0017579,0.095891,-0.059438
0,0.00036054,-0.00081622,0.094685,-0.10926
0,0.00051166,-0.0002469,0.092481,0.024545
0,0.000346,-0.0010187,0.092952,0.20618
0,0.00049915,-0.0004212,0.097058,0.17831
0,0.00060427,-0.00010103,0.10061,0.25083
0,0.0004052,-0.0010488,0.1056,0.34234
0,0.00053357,-0.00056379,0.11243,0.22655
0,0.00035148,-0.0013906,0.11694,0.22886
0,0.00022386,-0.001906,0.12149,0.083527
0,0.00013572,-0.0022099,0.12313,-0.096391
0,7.5633e-05,-0.0023604,0.12118,-0.25114
0,3.6391e-05,-0.0024099,0.11613,-0.35898
0,0.00028108,-0.0013039,0.10893,-0.41625
0,0.0001844,-0.0017172,0.10058,-0.24573
0,0.00038663,-0.0008559,0.095649,-0.19087
0,0.00025835,-0.001428,0.091814,-0.0006184
0,0.00016895,-0.0017657,0.091784,0.025108
0,0.0003766,-0.00085812,0.092269,-0.018557
0,0.00052064,-0.00030665,0.091879,0.10669
0,0.00035056,-0.0010944,0.093994,0.27176
-0.1,0.00049996,-0.00049608,0.099411,0.2292
-0.1,0.00060095,-0.00013766,0.10397,0.73786
-0.1,0.00040072,-0.0010562,0.1187,1.4995
-0.1,0.00026058,-0.0016685,0.14867,2.1453
-0.1,0.00016069,-0.0020806,0.19154,2.7263
-0.1,8.6326e-05,-0.0023459,0.24602,3.266
-0.1,0.00029946,-0.001459,0.31127,3.7575
-0.1,0.00045709,-0.001333,0.38639,4.3036
-0.1,0.00030484,-0.0031231,0.47249,4.7153
-0.1,0.00019034,-0.0051308,0.56686,4.7578
-0.1,0.00035125,-0.0061147,0.66208,4.6158
-0.1,0.00016072,-0.0086979,0.75447,4.5592
-0.1,0.00026729,-0.010175,0.84574,4.279
-0.1,0.00029761,-0.01195,0.93139,4.1242
-0.1,0.001615,-0.0083333,1.0139,4.0288
-0.1,0.0024901,-0.0072154,1.0945,4.8213
-0.1,0.003052,-0.007908,1.191,5.7056
-0.1,-0.00063717,-0.026406,1.3053,6.2806
-0.1,-0.0032378,-0.038978,1.431,3.6758
-0.1,-0.0037362,-0.041721,1.5047,0.30136
-0.1,-0.0041088,-0.043518,1.5108,-1.7055
-0.1,-0.0030245,-0.039279,1.4767,-2.6721
-0.1,-0.0063317,-0.052801,1.4233,-1.813
-0.1,-0.007543,-0.055979,1.3871,-2.9608
-0.1,-0.006746,-0.050172,1.3278,-3.6066
-0.1,-0.010445,-0.063121,1.2557,-2.5202
-0.1,-0.01135,-0.062814,1.2052,-3.5327
-0.1,-0.010813,-0.05666,1.1345,-3.7401
-0.1,-0.014142,-0.066352,1.0597,-2.3635
-0.1,-0.015284,-0.06584,1.0123,-2.8508
-0.1,-0.014347,-0.057009,0.95523,-2.8745
-0.1,-0.012531,-0.045333,0.89767,-1.1413
-0.1,-0.01494,-0.052364,0.87482,1.966
-0.1,-0.019493,-0.067416,0.91415,2.6798
-0.1,-0.02096,-0.068108,0.96772,0.54004
-0.1,-0.020528,-0.061023,0.97848,-0.9271
-0.1,-0.022811,-0.065834,0.9599,-0.60435
-0.1,-0.02295,-0.061357,0.94778,-1.1462
-0.1,-0.025898,-0.068851,0.92483,-0.67712
-0.1,-0.026496,-0.065889,0.91126,-1.5861
-0.1,-0.025456,-0.05659,0.87952,-1.5861
-0.1,-0.027052,-0.059093,0.84779,0.034726
-0.1,-0.031025,-0.070954,0.84849,0.62711
-0.1,-0.032066,-0.06953,0.86104,-1.0407
-0.1,-0.035361,-0.077399,0.84023,-1.8352
-0.1,-0.040207,-0.090664,0.80353,-3.616
-0.1,-0.042369,-0.090819,0.73114,-6.7194
-0.1,-0.044806,-0.090826,0.59656,-8.2704
-0.1,-0.045242,-0.081666,0.43087,-8.9044
-0.1,-0.047753,-0.081254,0.25247,-7.5481
-0.1,-0.052224,-0.088408,0.1012,-6.5969
-0.1,-0.052399,-0.07683,-0.031038,-7.2619
-0.1,-0.056024,-0.080497,-0.17654,-5.8875
-0.1,-0.055606,-0.067078,-0.29453,-5.8266
-0.1,-0.058033,-0.066588,-0.41128,-3.764
-0.1,-0.057861,-0.055836,-0.4867,-2.7915
-0.1,-0.059956,-0.055412,-0.54266,-0.73131
-0.1,-0.06174,-0.054038,-0.55736,0.11187
-0.1,-0.059821,-0.038217,-0.55513,0.30596
-0.1,-0.062359,-0.042571,-0.54899,2.5994
-0.1,-0.062635,-0.037499,-0.49695,2.7638
-0.1,-0.066725,-0.048844,-0.4416,3.1772
-0.1,-0.068365,-0.049077,-0.37798,1.0568
-0.1,-0.067493,-0.039111,-0.35678,-0.65317
-0.1,-0.071085,-0.047992,-0.36986,-0.19995
-0.1,-0.066738,-0.023334,-0.3739,-1.6232
-0.1,-0.0714,-0.038003,-0.40642,1.418
-0.1,-0.073451,-0.040326,-0.37811,0.53024
-0.1,-0.07339,-0.034147,-0.36752,-0.80883
-0.1,-0.072162,-0.023804,-0.38373,-0.80511
-0.1,-0.074979,-0.030857,-0.3999,0.76506
-0.1,-0.07521,-0.026786,-0.38462,0.2368
-0.1,-0.074195,-0.018158,-0.37992,0.32857
-0.1,-0.076895,-0.025717,-0.37337,1.5749
-0.1,-0.08137,-0.039768,-0.34187,0.78096
-0.1,-0.084374,-0.046282,-0.32626,-2.3221
-0.1,-0.085261,-0.043371,-0.37272,-5.4422
-0.1,-0.088196,-0.048177,-0.48169,-6.6787
-0.1,-0.090402,-0.047844,-0.61556,-7.9067
-0.1,-0.09043,-0.03745,-0.77409,-8.4272
-0.1,-0.088623,-0.020437,-0.94303,-7.0728
-0.1,-0.086371,-0.0032183,-1.0849,-3.5073
-0.1,-0.088139,-0.0041717,-1.1553,1.2606
-0.1,-0.089183,-0.0030251,-1.1303,3.2982
-0.1,-0.090014,-0.0023852,-1.0644,3.9058
-0.1,-0.090216,4.9227e-05,-0.98624,3.7363
-0.1,-0.09432,-0.013927,-0.91149,3.543
-0.1,-0.096831,-0.019936,-0.84061,0.6626
-0.1,-0.098757,-0.022848,-0.82736,-2.3971
-0.1,-0.10003,-0.021754,-0.87545,-4.7
-0.1,-0.099494,-0.012126,-0.96975,-5.7757
-0.1,-0.098734,-0.0017537,-1.0856,-4.7602
-0.1,-0.098348,0.0065919,-1.1813,-2.4721
-0.1,-0.097947,0.014335,-1.2312,0.048124
-0.1,-0.09375,0.035906,-1.2305,2.2867
-0.1,-0.095808,0.028103,-1.1849,6.4914
-0.1,-0.097165,0.022738,-1.0551,6.9931
-0.1,-0.09808,0.018985,-0.91514,5.7695
-0.1,-0.098707,0.01633,-0.79967,3.9305
-0.1,-0.098895,0.015922,-0.72104,2.1626
-0.1,-0.099038,0.01598,-0.67783,0.91429
-0.1,-0.094032,0.037153,-0.65963,0.11486
-0.1,-0.090837,0.048564,-0.65743,3.1406
-0.1,-0.088653,0.054233,-0.59468,6.7435
-0.1,-0.09203,0.036045,-0.45982,9.5597
-0.1,-0.094418,0.022891,-0.26854,7.7075
-0.1,-0.091,0.033659,-0.11423,3.9154
-0.1,-0.08898,0.037156,-0.035772,3.3649
-0.1,-0.0912,0.023353,0.031601,3.8425
-0.1,-0.092047,0.01715,0.10844,2.0331
-0.1,-0.092445,0.01391,0.14902,0.091498
-0.1,-0.093033,0.010422,0.15072,-1.444
-0.1,-0.091846,0.014505,0.12172,-2.7508
-0.1,-0.095081,0.00042273,0.06656,-2.527
-0.1,-0.097332,-0.0078274,0.015872,-4.446
-0.1,-0.098591,-0.011085,-0.073178,-6.73
-0.1,-0.099975,-0.013859,-0.20795,-8.1992
-0.1,-0.099275,-0.0070721,-0.37216,-9.0415
-0.1,-0.098461,0.00025646,-0.55326,-7.9122
-0.1,-0.097052,0.010578,-0.71189,-5.4722
-0.1,-0.099503,0.0049727,-0.82178,-2.039
-0.1,-0.10107,0.003044,-0.86289,-1.1996
-0.1,-0.10201,0.0028408,-0.88706,-1.4651
-0.1,-0.10256,0.0037582,-0.91647,-1.9236
-0.1,-0.10287,0.0055202,-0.95504,-2.1577
-0.1,-0.10327,0.0063707,-0.99823,-2.1565
-0.1,-0.10322,0.0089034,-1.0414,-2.0728
-0.1,-0.10342,0.010379,-1.0828,-1.5989
-0.1,-0.1035,0.012099,-1.1148,-1.145
-0.1,-0.10324,0.015048,-1.1377,-0.65722
-0.1,-0.1033,0.016472,-1.1509,0.03719
-0.1,-0.1033,0.017958,-1.1501,0.56184
-0.1,-0.10328,0.019517,-1.1389,0.99476
-0.1,-0.10324,0.020962,-1.119,1.324
-0.1,-0.10319,0.022297,-1.0926,1.5745
-0.1,-0.10312,0.023346,-1.0611,1.7133
-0.1,-0.10279,0.025189,-1.0268,1.7508
-0.1,-0.10255,0.026293,-0.9918,1.8844
-0.1,-0.10239,0.026941,-0.95412,1.9985
-0.1,-0.10227,0.02711,-0.91415,1.99
-0.1,-0.10219,0.026853,-0.87432,1.8399
-0.1,-0.10215,0.026459,-0.83752,1.6165
-0.1,-0.10214,0.026035,-0.8052,1.3472
-0.1,-0.10214,0.025521,-0.77827,1.0297
-0.1,-0.10243,0.023951,-0.75771,0.71705
-0.1,-0.10237,0.02394,-0.7434,0.22957
-0.1,-0.10233,0.02381,-0.73884,-0.074883
-0.1,-0.10258,0.022572,-0.74038,-0.25526
-0.1,-0.10276,0.021733,-0.74553,-0.56056
-0.1,-0.10288,0.021241,-0.75678,-0.84052
-0.1,-0.10297,0.020982,-0.77362,-1.0457
-0.1,-0.10302,0.020874,-0.79457,-1.1617
-0.1,-0.10279,0.02198,-0.81783,-1.1876
-0.1,-0.10289,0.02156,-0.84159,-0.9706
-0.1,-0.10268,0.022437,-0.86101,-0.85146
-0.1,-0.10254,0.022968,-0.87804,-0.59328
-0.1,-0.10244,0.02324,-0.88989,-0.32247
-0.1,-0.10237,0.023374,-0.89632,-0.087204
-0.1,-0.1026,0.022304,-0.89805,0.080636
-0.1,-0.10276,0.021656,-0.89642,0.00397
-0.1,-0.10287,0.021294,-0.89633,-0.16002
-0.1,-0.10294,0.021115,-0.89952,-0.32841
-0.1,-0.10299,0.021091,-0.90608,-0.45225
-0.1,-0.10302,0.021155,-0.91512,-0.52519
-0.1,-0.10277,0.022369,-0.92561,-0.54794
-0.1,-0.10259,0.023151,-0.93655,-0.34611
-0.1,-0.10246,0.023631,-0.94345,-0.085596
-0.1,-0.10265,0.022823,-0.94515,0.15193
-0.1,-0.10277,0.022347,-0.94209,0.14572
-0.1,-0.10259,0.023179,-0.93916,0.036929
-0.1,-0.10274,0.022612,-0.93841,0.092359
-0.1,-0.10256,0.023375,-0.93654,0.0098232
-0.1,-0.10245,0.02384,-0.93633,0.071089
-0.1,-0.10263,0.023037,-0.9349,0.17828
-0.1,-0.1025,0.02366,-0.93133,0.089311
-0.1,-0.1024,0.024047,-0.92954,0.11985
-0.1,-0.10234,0.024254,-0.92713,0.18052
-0.1,-0.10202,0.025447,-0.92352,0.23573
-0.1,-0.10235,0.02392,-0.9188,0.44979
-0.1,-0.10231,0.024035,-0.9098,0.29376
-0.1,-0.10255,0.022967,-0.90392,0.18887
-0.1,-0.10218,0.024498,-0.90014,-0.070915
-0.1,-0.10246,0.023165,-0.90156,0.011911
-0.1,-0.10212,0.024521,-0.90131,-0.15615
-0.1,-0.10216,0.024208,-0.90443,-0.025609
-0.1,-0.10218,0.023979,-0.90494,0.0083334
-0.1,-0.10221,0.023812,-0.90478,-0.0096463
-0.1,-0.10249,0.022596,-0.90497,-0.051404
-0.1,-0.10242,0.022967,-0.906,-0.28367
-0.1,-0.10264,0.022098,-0.91167,-0.36477
-0.1,-0.10279,0.021592,-0.91895,-0.55059
-0.1,-0.10262,0.022421,-0.92995,-0.7321
-0.1,-0.1025,0.023,-0.94458,-0.6642
-0.1,-0.10241,0.023398,-0.95785,-0.49502
-0.1,-0.10235,0.023649,-0.96773,-0.30924
-0.1,-0.10231,0.02381,-0.9739,-0.14255
-0.1,-0.10228,0.023909,-0.97672,-0.01315
-0.1,-0.10253,0.022857,-0.97696,0.07091
-0.1,-0.1027,0.022235,-0.97552,-0.067027
-0.1,-0.10281,0.021901,-0.97683,-0.2684
-0.1,-0.10289,0.021766,-0.98217,-0.44951
-0.1,-0.10267,0.022853,-0.99113,-0.57642
-0.1,-0.10278,0.022467,-1.0026,-0.45827
-0.1,-0.10286,0.022291,-1.0118,-0.43568
-0.1,-0.10264,0.023346,-1.0204,-0.442
-0.1,-0.10248,0.024027,-1.0292,-0.26114
-0.1,-0.10237,0.02444,-1.0344,-0.035935
-0.1,-0.1023,0.024653,-1.0351,0.15882
-0.1,-0.10225,0.024762,-1.0319,0.30348
-0.1,-0.10222,0.024782,-1.0258,0.38364
-0.1,-0.1022,0.024754,-1.018,0.40938
-0.1,-0.10219,0.024692,-1.0098,0.38994
-0.1,-0.10245,0.023507,-1.002,0.33585
-0.1,-0.10237,0.02386,-0.99524,0.077498
-0.1,-0.10231,0.024059,-0.99366,-0.036892
-0.1,-0.10227,0.02416,-0.99436,-0.077275
-0.1,-0.10198,0.025291,-0.99588,-0.08488
-0.1,-0.10204,0.024831,-0.99755,0.10272
-0.1,-0.10209,0.024501,-0.99546,0.13729
-0.1,-0.10213,0.024273,-0.99269,0.096179
-0.1,-0.10243,0.023023,-0.99074,0.023393
-0.1,-0.10237,0.02339,-0.99025,-0.23592
-0.1,-0.10205,0.024738,-0.99494,-0.33288
-0.1,-0.1021,0.02445,-1.0016,-0.15803
-0.1,-0.10214,0.024252,-1.0047,-0.094853
-0.1,-0.10216,0.024118,-1.0066,-0.089391
-0.1,-0.10245,0.022939,-1.0083,-0.1098
-0.1,-0.10265,0.022257,-1.0105,-0.32142
-0.1,-0.10251,0.023043,-1.0169,-0.55225
-0.1,-0.10242,0.023599,-1.0279,-0.54988
-0.1,-0.10236,0.024282,-1.0389,-0.36875
-0.1,-0.10233,0.025152,-1.0464,-0.091818
-0.1,-0.10229,0.025933,-1.0483,0.16128
-0.1,-0.10225,0.026576,-1.0451,0.36685
-0.1,-0.10221,0.0272,-1.0378,0.54755
-0.1,-0.10217,0.027562,-1.0269,0.63482
-0.1,-0.10241,0.026768,-1.0142,0.68723
-0.1,-0.1023,0.027429,-1.0005,0.50823
-0.1,-0.10222,0.027831,-0.99038,0.43711
-0.1,-0.10217,0.028137,-0.98168,0.42969
-0.1,-0.10213,0.028372,-0.97314,0.43859
-0.1,-0.10238,0.027452,-0.96443,0.43937
-0.1,-0.10228,0.028113,-0.95572,0.25974
-0.1,-0.10247,0.027474,-0.95059,0.20944
-0.1,-0.10261,0.027196,-0.94648,0.043354
-0.1,-0.10243,0.028241,-0.9457,-0.13329
-0.1,-0.10257,0.027864,-0.94845,-0.090676
-0.1,-0.10266,0.02775,-0.95035,-0.13878
-0.1,-0.10245,0.028872,-0.95321,-0.20962
0.1,-0.1023,0.029631,-0.95748,-0.077773
0.1,-0.10219,0.0301,-0.95912,-0.77637
0.1,-0.10238,0.029301,-0.97472,-1.9574
0.1,-0.10252,0.028931,-1.014,-3.5411
0.1,-0.10235,0.030258,-1.0849,-5.1376
0.1,-0.10225,0.032003,-1.1879,-6.3024
0.1,-0.10246,0.033376,-1.3142,-7.0603
0.1,-0.10228,0.036368,-1.4557,-7.8205
0.1,-0.10238,0.038265,-1.6124,-8.233
0.1,-0.10214,0.041871,-1.7774,-8.5609
0.1,-0.10219,0.044349,-1.9489,-8.5656
0.1,-0.10216,0.047311,-2.1205,-8.5647
0.1,-0.10209,0.050707,-2.292,-8.4754
0.1,-0.10172,0.055501,-2.4619,-8.2918
0.1,-0.10165,0.058764,-2.628,-7.8899
0.1,-0.10127,0.063265,-2.786,-7.6102
0.1,-0.10095,0.067468,-2.9385,-7.186
0.1,-0.10093,0.07037,-3.0824,-6.7509
0.1,-0.1006,0.074708,-3.2177,-6.548
0.1,-0.10032,0.078878,-3.3489,-6.2535
0.1,-0.096568,0.097007,-3.4742,-5.9876
0.1,-0.093911,0.10866,-3.5942,-3.4593
0.1,-0.091786,0.11699,-3.6636,-0.63986
0.1,-0.091365,0.11679,-3.6765,1.5345
0.1,-0.091083,0.11539,-3.6458,1.864
0.1,-0.091194,0.11214,-3.6085,0.95965
0.1,-0.091325,0.10905,-3.5892,-0.86485
0.1,-0.091479,0.10645,-3.6065,-3.0339
0.1,-0.091664,0.10498,-3.6673,-5.0812
0.1,-0.091591,0.10618,-3.7692,-6.7194
0.1,-0.091836,0.10726,-3.904,-7.6979
0.1,-0.09197,0.10922,-4.0584,-8.4722
0.1,-0.093094,0.10755,-4.2283,-8.9426
0.1,-0.094098,0.1075,-4.4076,-9.7765
0.1,-0.090675,0.12588,-4.6037,-10.683
0.1,-0.089555,0.13304,-4.8177,-8.5498
0.1,-0.090068,0.13323,-4.9892,-6.4205
0.1,-0.09144,0.13016,-5.118,-5.6293
0.1,-0.088817,0.14349,-5.2309,-6.3509
0.1,-0.084269,0.16346,-5.3582,-5.0803
0.1,-0.082167,0.1713,-5.4601,-1.5359
0.1,-0.078554,0.18402,-5.491,1.1848
0.1,-0.078502,0.18047,-5.4675,4.1486
0.1,-0.075566,0.18852,-5.3846,4.4356
0.1,-0.07655,0.17888,-5.2959,4.9889
0.1,-0.070878,0.19682,-5.1961,2.8875
0.1,-0.064654,0.21472,-5.1384,3.9977
0.1,-0.062914,0.21178,-5.0583,7.0772
0.1,-0.060823,0.21,-4.9167,7.8348
0.1,-0.056894,0.21533,-4.7599,7.3802
0.1,-0.052786,0.22032,-4.6121,7.4812
0.1,-0.047493,0.22894,-4.4624,7.9156
0.1,-0.04678,0.21731,-4.3039,9.2222
0.1,-0.045227,0.20978,-4.1193,7.7056
0.1,-0.042007,0.20916,-3.9649,5.2212
0.1,-0.042497,0.1935,-3.8603,3.6161
0.1,-0.040713,0.1891,-3.7879,0.18493
0.1,-0.038138,0.18904,-3.7842,-2.2889
0.1,-0.038214,0.17884,-3.8301,-3.3665
0.1,-0.035794,0.1805,-3.8976,-5.2835
0.1,-0.031622,0.18977,-4.0035,-5.6803
0.1,-0.031337,0.18293,-4.1173,-3.8717
0.1,-0.028609,0.18707,-4.195,-3.6201
0.1,-0.025771,0.19091,-4.2676,-2.6611
0.1,-0.021011,0.2023,-4.321,-1.2289
0.1,-0.016263,0.2122,-4.3458,1.6273
0.1,-0.016372,0.20061,-4.3133,4.9219
0.1,-0.015293,0.19432,-4.2148,4.7443
0.1,-0.013405,0.19144,-4.1198,3.4007
0.1,-0.0093552,0.19732,-4.0517,2.0669
0.1,-0.0054146,0.2015,-4.0103,2.2662
0.1,-0.0015852,0.20449,-3.9648,3.2625
0.1,0.0021528,0.20651,-3.8994,4.5404
0.1,0.0055459,0.2066,-3.8084,5.7915
0.1,0.0092267,0.20751,-3.6924,6.665
0.1,0.01285,0.20721,-3.5588,7.3219
0.1,0.016137,0.20486,-3.4121,7.7213
0.1,0.01916,0.20137,-3.2574,7.7333
0.1,0.018508,0.18294,-3.1024,7.3248
0.1,0.022855,0.18635,-2.9556,4.1578
0.1,0.022873,0.1715,-2.8722,3.1661
0.1,0.023925,0.16247,-2.8086,0.58115
0.1,0.030805,0.17861,-2.7968,-1.8109
0.1,0.032568,0.17339,-2.833,0.36733
0.1,0.036178,0.17744,-2.8258,1.6026
0.1,0.039832,0.1804,-2.7938,3.2313
0.1,0.039178,0.16494,-2.7292,4.9542
0.1,0.039845,0.15576,-2.63,3.5447
0.1,0.041701,0.15168,-2.5589,1.3522
0.1,0.045164,0.15445,-2.5317,-0.19648
0.1,0.048393,0.15605,-2.5354,-0.063342
0.1,0.052516,0.16163,-2.5366,0.99052
0.1,0.052687,0.1512,-2.5168,3.2168
0.1,0.055529,0.153,-2.4525,3.2213
0.1,0.058375,0.15426,-2.3881,3.7373
0.1,0.062547,0.16065,-2.3134,4.5386
0.1,0.064132,0.15566,-2.2227,6.3478
0.1,0.067694,0.1588,-2.0957,6.7398
0.1,0.067251,0.14456,-1.9609,7.5615
0.1,0.072911,0.1556,-1.8095,5.6844
0.1,0.073881,0.14598,-1.6957,6.6868
0.1,0.076961,0.14584,-1.5619,6.0483
0.1,0.077752,0.13611,-1.4408,5.9755
0.1,0.076955,0.12091,-1.3213,4.7031
0.1,0.078302,0.11614,-1.2272,1.8299
0.1,0.077934,0.10508,-1.1906,-0.15483
0.1,0.079363,0.10264,-1.1938,-2.5897
0.1,0.08258,0.10829,-1.2457,-3.6777
0.1,0.085146,0.11174,-1.3195,-2.4669
0.1,0.08862,0.11955,-1.3692,-0.34678
0.1,0.087412,0.10719,-1.3764,2.6052
0.1,0.085658,0.093292,-1.3245,2.4677
0.1,0.089984,0.10491,-1.2753,0.16075
0.1,0.08912,0.093152,-1.2721,0.89409
0.1,0.087284,0.078826,-1.2542,-0.14342
0.1,0.085874,0.067981,-1.2571,-2.6988
0.1,0.090178,0.081538,-1.3111,-5.5725
0.1,0.093268,0.090308,-1.4228,-4.0783
0.1,0.095254,0.095506,-1.5048,-0.81088
0.1,0.093067,0.08351,-1.5215,2.3317
0.1,0.091788,0.076137,-1.4752,2.1623
0.1,0.092812,0.077249,-1.4322,0.45628
0.1,0.09592,0.085565,-1.4231,-0.4536
0.1,0.094738,0.07577,-1.4322,0.76386
0.1,0.09381,0.068478,-1.4171,0.21022
0.1,0.095519,0.072689,-1.413,-1.1397
0.1,0.093412,0.061033,-1.436,-0.9719
0.1,0.09163,0.052071,-1.4555,-2.5566
0.1,0.090372,0.046239,-1.5068,-4.7545
0.1,0.089473,0.043081,-1.6021,-6.6135
0.1,0.088561,0.041292,-1.7346,-7.6837
0.1,0.088206,0.043143,-1.8887,-8.0611
0.1,0.090178,0.054674,-2.0503,-7.6353
0.1,0.09187,0.064363,-2.2034,-5.1086
0.1,0.092837,0.070147,-2.3059,-1.8324
0.1,0.095975,0.084031,-2.3428,1.0534
0.1,0.094396,0.07731,-2.3221,4.97
0.1,0.096008,0.083834,-2.2229,5.768
0.1,0.09958,0.096277,-2.1077,6.6768
0.1,0.10179,0.1001,-1.9741,8.669
0.1,0.10214,0.0953,-1.8007,10.17
0.1,0.10227,0.089521,-1.5972,9.9248
0.1,0.10467,0.092454,-1.3986,8.36
0.1,0.10244,0.075456,-1.2312,7.7073
0.1,0.10422,0.076506,-1.0769,4.4876
0.1,0.10181,0.060469,-0.98706,2.9026
0.1,0.10028,0.049952,-0.92898,-0.44886
0.1,0.098857,0.041129,-0.93796,-3.8803
0.1,0.098045,0.036773,-1.0157,-6.7462
0.1,0.097106,0.034682,-1.151,-8.2188
0.1,0.098008,0.042979,-1.316,-8.4978
0.1,0.098407,0.049846,-1.4868,-6.7305
0.1,0.10093,0.065239,-1.6223,-4.3086
0.1,0.099321,0.061445,-1.7092,-0.48279
0.1,0.10395,0.082793,-1.7194,0.89368
0.1,0.10374,0.081138,-1.702,4.8896
0.1,0.10389,0.080076,-1.6046,6.5448
0.1,0.10614,0.08655,-1.4739,6.8316
0.1,0.10418,0.074199,-1.3374,7.6645
0.1,0.10276,0.064511,-1.1842,5.7159
0.1,0.10197,0.05796,-1.07,2.7225
0.1,0.10135,0.052945,-1.0157,-0.073123
0.1,0.10086,0.049028,-1.0173,-2.4153
0.1,0.10021,0.045008,-1.0658,-4.1541
0.1,0.099998,0.043541,-1.149,-5.426
0.1,0.10331,0.057323,-1.2578,-5.8746
0.1,0.10531,0.065042,-1.3756,-3.2796
0.1,0.10668,0.069549,-1.4415,-0.11572
0.1,0.10413,0.057561,-1.4441,2.6545
0.1,0.10234,0.049826,-1.3913,2.2144
0.1,0.10679,0.067203,-1.3471,0.33934
0.1,0.11013,0.077451,-1.3404,2.0441
0.1,0.1121,0.080854,-1.2995,4.9071
0.1,0.11123,0.071892,-1.2014,7.1628
0.1,0.11296,0.073842,-1.0581,6.844
0.1,0.11379,0.071232,-0.92116,6.798
0.1,0.10859,0.044217,-0.78515,6.3239
0.1,0.10515,0.027251,-0.65865,1.5178
0.1,0.10243,0.015194,-0.62831,-4.0696
0.1,0.1008,0.0091019,-0.70976,-9.0493
0.1,0.099396,0.0052622,-0.89085,-12.371
0.1,0.09866,0.0068475,-1.1386,-13.856
0.1,0.10165,0.026219,-1.4163,-13.311
0.1,0.10035,0.026892,-1.6832,-9.1764
0.1,0.10177,0.038352,-1.8672,-6.4148
0.1,0.10508,0.055066,-1.9957,-3.0351
0.1,0.10775,0.066493,-2.0566,1.637
0.1,0.10801,0.066461,-2.0239,6.1615
0.1,0.11088,0.076339,-1.9007,8.4368
0.1,0.11502,0.088941,-1.7318,10.813
0.1,0.11432,0.079297,-1.5153,13.753
0.1,0.11612,0.080148,-1.24,13.375
0.1,0.11376,0.062712,-0.97221,12.671
0.1,0.11226,0.049675,-0.71846,8.8861
0.1,0.11108,0.038959,-0.54044,4.2928
0.1,0.10984,0.029412,-0.45437,-0.052248
0.1,0.10889,0.022222,-0.45525,-3.8609
0.1,0.10814,0.01725,-0.53238,-6.7087
0.1,0.11128,0.030366,-0.66665,-8.2843
0.1,0.11122,0.031376,-0.8327,-5.9671
0.1,0.1109,0.032461,-0.9525,-3.799
0.1,0.11073,0.034208,-1.0289,-2.1494
0.1,0.11072,0.035409,-1.0722,-1.0387
0.1,0.11319,0.045913,-1.0931,-0.27017
0.1,0.11464,0.050863,-1.0987,1.9447
0.1,0.11591,0.054096,-1.0599,4.0263
0.1,0.11276,0.037952,-0.97932,5.547
0.1,0.11136,0.029676,-0.86824,3.4557
0.1,0.10982,0.021232,-0.79895,0.71453
0.1,0.1087,0.015598,-0.78453,-2.1693
0.1,0.10789,0.012133,-0.82782,-4.5353
0.1,0.10734,0.010038,-0.91841,-6.1987
0.1,0.10721,0.010608,-1.0423,-6.9704
0.1,0.11034,0.025415,-1.1817,-6.6995
0.1,0.11223,0.034907,-1.3159,-3.4261
0.1,0.11408,0.04396,-1.3846,0.4355
0.1,0.11191,0.035624,-1.3761,4.2022
0.1,0.11637,0.054173,-1.2921,4.5963
0.1,0.11575,0.048453,-1.2001,7.3754
0.1,0.11529,0.043127,-1.0524,7.7106
0.1,0.1149,0.038218,-0.898,6.7128
0.1,0.11457,0.03348,-0.76353,5.0172
0.1,0.11427,0.029174,-0.66299,3.1347
0.1,0.11371,0.024689,-0.6002,1.44
0.1,0.11352,0.02244,-0.57134,-0.1794
0.1,0.1131,0.01947,-0.57488,-1.3439
0.1,0.11304,0.01853,-0.60174,-2.2672
0.1,0.11324,0.019016,-0.64708,-2.6722
0.1,0.1131,0.018496,-0.70057,-2.4714
0.1,0.11647,0.032983,-0.75011,-2.0882
0.1,0.1188,0.041957,-0.79202,0.79915
0.1,0.1169,0.032875,-0.77618,4.1298
0.1,0.11556,0.027103,-0.69374,4.5058
0.1,0.11437,0.022259,-0.60376,3.4943
0.1,0.11357,0.01879,-0.53395,1.7481
0.1,0.1133,0.017241,-0.499,-0.05195
0.1,0.11658,0.03065,-0.50012,-1.2222
0.1,0.11288,0.015146,-0.52477,0.65389
0.1,0.11003,0.0056424,-0.51199,-0.59528
0.1,0.11209,0.0182,-0.52432,-2.7964
0.1,0.11331,0.026235,-0.58072,-2.0115
0.1,0.11074,0.017742,-0.62138,-0.25845
0.1,0.10901,0.013581,-0.62694,-0.71809
0.1,0.10816,0.013068,-0.64165,-1.8869
0.1,0.10766,0.013615,-0.67967,-2.797
0.1,0.10736,0.015005,-0.73589,-3.2079
0.1,0.10695,0.015819,-0.80031,-3.1429
0.1,0.10671,0.017375,-0.86342,-2.8868
0.1,0.10661,0.019315,-0.92139,-2.4194
0.1,0.10659,0.021397,-0.96999,-1.7878
0.1,0.1069,0.024586,-1.0059,-1.0567
0.1,0.10688,0.026127,-1.0273,-0.11763
0.1,0.1069,0.027636,-1.0298,0.6244
0.1,0.10668,0.027967,-1.0175,1.2115
0.1,0.10709,0.030769,-0.99343,1.4681
0.1,0.10739,0.032779,-0.96425,1.935
0.1,0.10761,0.034253,-0.92574,2.4071
0.1,0.10778,0.035101,-0.87778,2.7181
0.1,0.10817,0.036537,-0.82359,2.844
0.1,0.10817,0.035982,-0.76686,2.9682
0.1,0.1079,0.034179,-0.70766,2.7928
0.1,0.10796,0.033805,-0.65196,2.2491
0.1,0.10772,0.032088,-0.60714,1.7567
0.1,0.10781,0.031855,-0.57218,1.1389
0.1,0.10757,0.030463,-0.5496,0.74808
0.1,0.10767,0.03054,-0.53484,0.29104
0.1,0.10747,0.029361,-0.52923,0.068328
0.1,0.10731,0.028546,-0.52808,-0.21119
0.1,0.10721,0.027979,-0.53251,-0.45877
0.1,0.1074,0.028692,-0.54189,-0.63077
0.1,0.10726,0.027971,-0.55471,-0.53807
0.1,0.10717,0.027515,-0.56567,-0.51745
0.1,0.10737,0.028306,-0.5762,-0.51383
0.1,0.10725,0.027654,-0.58667,-0.31085
0.1,0.10742,0.028331,-0.59307,-0.23308
0.1,0.10755,0.028689,-0.59791,-0.023715
0.1,0.10736,0.027758,-0.59856,0.21007
0.1,0.10723,0.027126,-0.59453,0.21924
0.1,0.10741,0.027807,-0.59032,0.14335
0.1,0.10753,0.028151,-0.58762,0.23039
0.1,0.10734,0.027182,-0.58318,0.36613
0.1,0.10721,0.026532,-0.57603,0.30669
0.1,0.10712,0.026104,-0.57007,0.17987
0.1,0.10732,0.026937,-0.56664,0.057016
0.1,0.10719,0.026306,-0.56568,0.14521
0.1,0.1071,0.025882,-0.56294,0.11835
0.1,0.10704,0.025603,-0.56074,0.056753
0.1,0.10699,0.025432,-0.55978,0.0021969
0.1,0.10723,0.026419,-0.5599,-0.030403
0.1,0.1074,0.026974,-0.56068,0.14365
0.1,0.10724,0.026154,-0.55797,0.37294
0.1,0.1074,0.026695,-0.55068,0.39298
0.1,0.10723,0.025874,-0.54298,0.50957
0.1,0.10712,0.02532,-0.53296,0.44785
0.1,0.10704,0.024959,-0.52418,0.32493
0.1,0.10725,0.025816,-0.51785,0.19927
0.1,0.10739,0.026294,-0.51404,0.28363
0.1,0.10722,0.025431,-0.50854,0.43624
0.1,0.1071,0.024868,-0.49999,0.39906
0.1,0.10728,0.025593,-0.49219,0.28945
0.1,0.1074,0.025999,-0.48658,0.35948
0.1,0.10722,0.025097,-0.47958,0.48535
0.1,0.10682,0.023363,-0.47005,0.40551
0.1,0.10682,0.023369,-0.46211,0.070463
0.1,0.10681,0.023395,-0.46088,-0.10294
0.1,0.10681,0.023413,-0.46312,-0.17248
0.1,0.10707,0.024561,-0.46675,-0.16266
0.1,0.10699,0.024148,-0.47018,0.070982
0.1,0.1072,0.024979,-0.46894,0.17574
0.1,0.10708,0.02435,-0.46561,0.39858
0.1,0.10699,0.023918,-0.45781,0.43643
0.1,0.10693,0.023648,-0.44927,0.39752
0.1,0.10715,0.024565,-0.4415,0.33202
0.1,0.1073,0.025083,-0.43504,0.45401
0.1,0.10714,0.02423,-0.42615,0.6205
0.1,0.10729,0.024762,-0.41393,0.58338
0.1,0.10739,0.025029,-0.40246,0.64892
0.1,0.10745,0.025116,-0.38968,0.7317
0.1,0.10723,0.023992,-0.37524,0.79148
0.1,0.10706,0.02325,-0.35962,0.63008
0.1,0.10722,0.023874,-0.34723,0.40397
0.1,0.10705,0.023131,-0.33937,0.37672
0.1,0.10693,0.022671,-0.33205,0.24816
0.1,0.10686,0.022393,-0.32731,0.10423
0.1,0.1068,0.022249,-0.32544,-0.0079599
0.1,0.10703,0.023292,-0.32583,-0.072762
0.1,0.10693,0.022849,-0.32751,0.094656
0.1,0.10712,0.02368,-0.32584,0.14577
0.1,0.10726,0.024173,-0.32314,0.33561
0.1,0.10735,0.024436,-0.31666,0.54686
0.1,0.10741,0.024528,-0.30595,0.71915
0.1,0.10745,0.024468,-0.29179,0.82302
0.1,0.10747,0.024343,-0.27555,0.87052
0.1,0.10721,0.023066,-0.25838,0.86312
0.1,0.10729,0.023297,-0.24135,0.62853
0.1,0.10735,0.023399,-0.22902,0.53072
0.1,0.10738,0.023395,-0.21865,0.49187
0.1,0.1074,0.023342,-0.20907,0.48045
0.1,0.10741,0.023247,-0.19971,0.47288
0.1,0.10741,0.023133,-0.19051,0.46307
0.1,0.10714,0.021916,-0.18151,0.44821
0.1,0.10722,0.022247,-0.17281,0.24423
0.1,0.10727,0.022444,-0.16819,0.19481
0.1,0.10731,0.022543,-0.16456,0.21834
0.1,0.10733,0.02258,-0.16046,0.2711
0.1,0.10708,0.021493,-0.15531,0.33029
0.1,0.10717,0.021927,-0.14898,0.19545
0.1,0.10723,0.022196,-0.14535,0.20193
0.1,0.10701,0.021262,-0.14158,0.26975
0.1,0.10712,0.021819,-0.13647,0.17236
0.1,0.10693,0.02108,-0.1333,0.21941
0.1,0.10707,0.021762,-0.1292,0.13952
0.1,0.1069,0.02109,-0.12669,0.21551
0.1,0.10705,0.021794,-0.12266,0.16194
0.1,0.10689,0.021146,-0.1197,0.26384
0.1,0.10677,0.020777,-0.11471,0.22911
0.1,0.10669,0.020617,-0.11042,0.16047
0.1,0.10691,0.021675,-0.1075,0.10119
0.1,0.1068,0.021264,-0.10577,0.25632
0.1,0.10672,0.021052,-0.10094,0.29087
0.1,0.10667,0.020959,-0.095415,0.27678
0.1,0.10663,0.020946,-0.090176,0.25516
0.1,0.10634,0.019897,-0.085372,0.24503
0.1,0.10641,0.020434,-0.080771,0.066514
0.1,0.10646,0.020843,-0.079744,0.057044
0.1,0.1065,0.021146,-0.078905,0.1298
0.1,0.1068,0.022459,-0.076611,0.23359
0.1,0.10674,0.022169,-0.072243,0.52706
0.1,0.10697,0.023025,-0.062,0.64089
0.1,0.10687,0.022139,-0.049445,0.78428
0.1,0.1068,0.021175,-0.033985,0.67071
0.1,0.10674,0.020281,-0.020792,0.46141
0.1,0.10669,0.019416,-0.011777,0.21125
0.1,0.10665,0.018609,-0.0077608,-0.032202
0.1,0.10687,0.019051,-0.0086241,-0.22292
0.1,0.10648,0.016895,-0.013294,-0.19717
0.1,0.10673,0.017662,-0.017453,-0.4494
0.1,0.1069,0.018022,-0.026658,-0.38762
0.1,0.10674,0.017011,-0.034625,-0.21033
0.1,0.10636,0.015245,-0.039049,-0.19004
0.1,0.10636,0.015225,-0.043062,-0.42273
0.1,0.10662,0.016346,-0.051735,-0.49563
0.1,0.10654,0.015907,-0.061862,-0.29394
0.1,0.10648,0.015634,-0.067952,-0.18609
0.1,0.10644,0.015475,-0.071885,-0.12041
0.1,0.10668,0.01648,-0.074502,-0.070611
0.1,0.10658,0.015982,-0.076124,0.1618
0.1,0.10678,0.016697,-0.073087,0.22893
0.1,0.10665,0.016014,-0.068715,0.4203
0.1,0.10682,0.016638,-0.060514,0.42771
0.1,0.10667,0.015895,-0.052172,0.55078
0.1,0.10683,0.016503,-0.041371,0.50097
0.1,0.10666,0.015769,-0.031575,0.58047
0.1,0.10682,0.016441,-0.020199,0.51108
0.1,0.10665,0.015721,-0.01021,0.56724
0.1,0.10681,0.016373,0.00089699,0.47783
0.1,0.10691,0.016747,0.010213,0.52871
0.1,0.10645,0.01473,0.020546,0.61611
0.1,0.10639,0.014611,0.032623,0.32866
0.1,0.10635,0.014568,0.038948,0.13262
0.1,0.1066,0.015689,0.041348,0.023314
0.1,0.1065,0.015282,0.041562,0.16151
0.1,0.10643,0.01506,0.044537,0.19975
0.1,0.10638,0.014941,0.048278,0.19417
0.1,0.10635,0.014892,0.051907,0.1811
0.1,0.1066,0.015959,0.055277,0.17049
